emisor;receptor
1070;1303
1070;1381
1070;2493
2046;2494
1762;2495
1762;2496
1762;2497
1292;2498
1628;2499
1381;2497
1381;25
137;2501
673;684
673;2502
876;2503
2104;215
1712;2504
368;2505
1171;2505
1432;2505
2321;2506
1451;1075
997;2505
566;2502
1876;2507
820;2008
820;2508
2102;2505
792;1455
2051;2509
1551;2505
1127;251
1127;2511
360;1455
1848;2512
876;1223
1809;215
1238;2505
468;2502
85;679
792;2513
897;1736
897;2514
876;2515
876;2496
871;2504
1646;2516
1214;1382
819;2517
678;2518
2088;2504
873;2501
876;82
678;2008
2441;2519
2441;252
1872;2501
605;2501
1184;2521
690;2522
690;2523
690;2524
690;2525
690;2526
1762;2527
1762;2528
1115;2529
1115;2525
2287;2506
1867;253
1403;2531
1009;2056
856;821
856;2532
856;548
856;2533
856;2534
876;2506
678;2535
678;2496
678;2514
14;2505
1123;679
444;2536
2478;2537
950;2502
678;1382
1504;2505
856;2538
856;821
856;2532
856;548
856;2533
856;2534
2331;2502
2061;1382
1037;2539
1037;254
477;2505
1336;2541
678;2542
94;2008
1586;2501
678;2543
199;2544
2459;2545
1528;215
2202;2505
455;2546
455;2547
455;2504
255;2548
1628;2545
1381;1075
1152;2549
1091;2505
1186;2504
1848;215
1627;515
2369;2502
2220;2502
1627;1781
133;2504
105;255
2287;2503
408;1382
2213;2551
1627;635
833;2508
89;2502
979;2552
1796;2536
1186;2553
1186;2554
1186;2526
1186;2555
1186;2524
1186;2556
1186;2557
1183;2505
529;114
448;2545
663;2504
2371;2558
63;2505
2488;1223
425;1382
1358;1381
1358;2559
184;1382
15;256
15;2561
15;2562
15;2563
15;2564
15;2565
15;2566
15;2567
15;2568
15;2569
15;257
15;1219
1832;82
378;2495
378;2496
378;2497
1919;2504
781;2504
678;2571
560;2552
1646;2008
1420;2504
2151;2572
314;2501
67;1382
67;1382
2416;2573
642;2522
642;2523
642;2524
642;2525
642;2526
1068;2574
314;2575
67;1381
67;2559
1785;2505
939;1545
939;2514
665;1545
665;2514
2476;2505
481;2558
2232;2498
602;2502
2392;2503
1481;679
67;2576
2452;2552
620;913
581;2506
67;2394
1920;1545
1920;2514
894;1115
894;2525
1165;2056
1091;2577
1627;1824
998;2578
2026;2575
1390;2502
67;1223
753;2506
1506;2507
189;2513
294;2513
989;2579
1153;2536
1375;2502
23;258
1776;2515
1776;2496
2343;1223
1734;2581
1084;2498
471;2505
1627;948
1627;2514
1627;2582
2135;2583
513;2504
712;2584
1708;2505
1774;2545
2372;316
2372;2514
1455;2575
2202;2544
2441;2505
598;2506
1774;2585
918;1955
195;2008
1028;2552
1599;2578
874;2506
2242;2505
1455;215
2453;2505
1028;913
833;2541
2176;2504
669;1564
1955;344
1955;2496
1955;2586
1955;2587
1955;2588
2085;2589
604;2545
2064;2522
2064;2523
2064;2524
2064;2525
2064;2526
67;259
1675;2508
710;2506
48;2513
987;2591
678;1381
678;2559
294;82
203;2506
894;2592
2289;2545
67;2545
1955;1314
1913;1382
105;2505
678;215
678;2514
590;731
888;2536
551;2531
211;258
663;2572
503;2548
171;258
678;2593
2085;2008
716;82
183;2008
2283;2508
1416;2594
1416;2559
1416;2525
1451;1382
2033;2595
128;2596
1920;2513
894;2597
1753;2598
1268;2595
597;2541
1674;2505
598;2513
995;1382
1390;2583
2250;2542
226;2545
225;1382
2449;2503
1755;2515
1755;2496
822;2599
678;26
4;2502
832;2504
651;1382
388;684
2135;2522
2135;2523
2135;2524
2135;2525
2135;2526
1792;316
1792;2514
663;2584
1290;2572
2476;258
919;2515
919;2496
678;2601
1292;2505
75;1382
2469;2544
2320;2508
1305;416
443;2506
2153;2515
2153;2496
1152;258
1586;2602
1586;2603
269;2545
348;2604
346;2505
145;2501
1444;2531
781;2575
194;1738
1612;2605
1760;2503
1640;913
556;258
1255;2552
2202;2056
678;1381
678;2497
678;25
338;2505
1882;1223
1609;2522
1609;2523
1609;2524
1609;2525
1609;2526
2115;2505
867;2594
867;2606
148;1545
148;2514
1396;913
1640;2502
1654;2505
280;2607
678;2608
678;2609
708;2552
2409;1382
329;2504
655;2505
448;2501
1115;2525
884;261
1460;2611
1609;2612
894;2552
48;2613
2151;2506
1612;2056
1612;2603
1612;2514
1117;821
1117;2532
1117;548
1117;2533
1117;2534
532;1303
532;1381
532;2493
225;2513
470;215
945;2513
2451;2614
121;1455
2297;2504
225;2498
979;679
894;2522
894;2523
894;2524
894;2525
894;2526
2074;2515
2074;2496
1290;2584
1362;2558
1634;258
287;2505
1218;2615
1828;258
1736;2514
116;1382
1145;1545
1145;2514
2451;2516
1524;2531
2266;2583
1523;2616
264;1381
264;2497
264;25
945;1381
945;2497
945;25
979;679
454;2505
989;2501
2007;316
2007;2514
1799;2504
948;2514
948;2582
1788;2294
1233;2541
1069;2617
458;1381
111;723
1290;82
2399;821
2399;2532
2399;548
2399;2533
2399;2534
678;2499
1240;2531
1626;2522
1626;2523
1626;2524
1626;2525
1626;2526
390;2545
2190;2505
2274;1382
2036;258
1920;258
805;2618
624;1303
624;1381
624;2493
2279;2505
751;1223
751;1223
751;2619
751;262
751;2621
751;2622
67;2572
264;2513
669;2605
1685;258
1885;2608
1885;2609
678;2623
678;2624
678;2625
678;2626
678;2627
747;2505
1679;2537
134;2504
803;2539
803;254
2128;2504
678;2628
2463;2522
2463;2523
2463;2524
2463;2525
2463;2526
624;2622
2143;1381
2143;2497
2143;25
1509;2502
604;2504
1499;2537
1515;258
116;2615
667;2629
649;2515
649;2496
678;2585
1087;258
421;2596
2333;2519
2333;252
535;2502
2143;2513
117;2506
624;1381
624;2559
1574;258
1837;2506
160;263
1134;2591
573;1382
446;2584
1290;2504
533;2539
533;254
624;2519
624;252
979;2597
2069;1303
2069;1381
2069;2493
129;2631
577;2607
1816;2597
1026;2541
1972;2505
624;2574
580;2632
134;2505
720;2503
574;1382
877;1688
877;2633
1345;2575
1697;1382
1172;2504
2327;2505
1525;1303
1525;1381
1525;2493
232;2537
17;1382
499;2634
2138;1382
708;2635
1635;1381
1635;2497
1635;25
446;2504
1226;1381
2282;1382
135;316
135;2514
1636;2636
2468;2503
426;2637
426;2603
2151;2539
2151;254
2047;82
446;2515
446;2496
223;2628
1456;679
633;2502
478;2541
1354;2505
71;1382
1667;2573
1945;2505
1884;2504
1831;2522
1831;2523
1831;2524
1831;2525
1831;2526
997;2504
2094;1381
1703;2589
1169;1382
1077;258
817;2638
2238;2539
2238;254
1169;2572
2451;2615
2315;1381
2315;2497
2315;25
1169;2639
948;2637
948;2603
1703;2579
746;1223
934;2522
934;2523
934;2524
934;2525
934;2526
1631;2628
348;2056
67;2574
810;2502
698;264
2290;2536
2290;2607
421;2548
134;2501
1169;1382
948;2502
1373;2549
409;2505
1589;601
1589;1195
1589;2641
1589;2642
1589;2643
1589;2501
1589;2644
1589;332
1187;2502
201;2505
948;2634
1987;2505
173;2056
2295;258
67;2537
1169;2503
1138;215
524;2504
511;416
1525;1381
1525;2497
1525;25
341;2545
948;2558
2265;2401
1525;1381
582;2645
279;255
2451;2056
2451;2524
924;125
1891;82
1711;2505
1087;2495
1087;2496
1087;2497
1580;2503
497;215
533;2544
2420;2614
410;1382
601;1195
601;2641
601;2642
601;2643
601;2501
601;2644
601;332
948;2522
948;2523
948;2524
948;2525
948;2526
989;2517
1472;2646
1472;2525
1324;1223
2026;2504
312;2506
130;2583
1115;2647
1610;1381
1610;2559
1870;453
1220;2505
1186;82
1324;2648
1126;2505
792;2585
328;2501
2181;1381
2181;2559
2077;2548
17;2503
577;2536
109;2597
558;2499
1344;2502
1227;2351
2313;2504
505;2649
377;2505
253;2504
558;684
1398;1223
2107;2541
802;2545
4;2573
817;1382
1525;1381
1525;2559
401;2505
1684;1382
558;2545
500;2505
2012;2638
1061;2505
1646;2505
1191;2504
1073;2544
1734;2501
205;635
1942;258
335;1381
335;2497
335;25
1898;265
470;2498
1224;1223
691;2502
558;1381
558;2559
979;2522
979;2523
979;2524
979;2525
979;2526
281;2583
219;2531
1627;1908
2347;2505
450;258
1702;2502
657;2574
831;2508
672;2616
958;98
1627;1062
2075;2505
2460;2503
379;735
678;1223
750;2506
1627;1965
201;2651
46;2652
870;2505
2110;2653
1528;2156
1528;2654
1528;2496
1528;2514
1528;2603
1528;2524
1440;2655
1294;2505
2406;258
2475;2542
651;2504
672;2515
672;2496
1784;2504
678;2656
678;2657
678;2514
232;723
2460;2503
139;2504
358;1382
558;2652
2110;1689
1488;2175
1488;2524
1488;2603
2091;2505
2137;2505
2133;2504
797;2658
797;2514
1986;684
1986;2502
1134;2632
2162;2659
2162;266
429;723
798;2056
358;2508
1585;2661
462;913
961;2502
2229;2655
450;2008
716;33
716;2496
1565;679
67;1143
679;811
973;679
67;2662
67;2524
67;2603
969;2663
357;2501
2438;2548
2475;2581
2032;2505
1476;2504
248;2504
953;679
1222;258
384;679
2038;2518
1558;2504
678;2596
1268;1115
1593;2517
157;2008
67;1143
678;2664
762;2585
1203;2505
1555;2581
154;2505
726;2505
384;811
374;679
84;2505
2486;2502
1741;2505
1780;2504
678;2595
862;2505
2451;2575
678;2665
1840;2226
1813;1081
67;574
67;2525
582;2666
2352;1382
715;2505
485;679
1927;2667
67;2668
877;735
2425;2612
418;2503
161;1223
800;2552
1497;2008
1115;2613
1114;2514
380;258
1627;996
25;2612
1800;735
1973;2506
800;2558
1721;2501
188;2574
353;2575
1442;258
2451;2669
1678;1381
1678;2497
1678;25
2483;2504
1488;2515
1488;2496
157;2505
1316;2502
975;2636
1912;2508
774;267
774;2496
1093;2505
1733;2504
67;2671
190;2505
1540;25
67;1143
67;2671
67;2497
1484;929
1528;1081
1439;2501
810;2634
2230;2672
774;732
1658;2518
497;2544
387;2573
240;2634
1725;2505
1576;407
1576;2514
812;2501
989;2519
989;252
210;2504
1798;2515
1798;2496
1951;2507
2460;2515
2460;2496
307;2595
145;2537
1380;2505
536;1223
1931;2505
317;2503
240;2552
2156;2654
2156;2496
2156;2514
2156;2603
2156;2524
1425;2673
1627;2278
1627;2674
1627;2675
1222;2505
875;735
2059;2676
957;2505
1425;731
383;2505
126;2573
1434;2504
1162;2513
331;2572
774;2515
774;2496
1456;316
1456;2514
1718;2505
344;2496
344;2586
344;2587
344;2588
757;679
1936;1911
812;1545
917;2501
2108;2677
1668;2636
2276;2507
1655;908
716;2546
716;2547
76;2678
76;2679
2437;1564
965;679
1107;2519
1107;252
1148;913
2451;2501
1876;1741
450;2539
450;254
1077;2175
1077;2524
1077;2603
1493;2634
979;2502
1780;2541
2471;268
1002;913
67;1143
394;2502
492;2552
157;2504
1703;2505
2417;258
675;2545
957;2504
67;1143
492;316
492;2514
536;2514
1522;821
1522;2514
1759;2515
1759;2496
689;2681
689;2496
1576;1736
1576;2514
2073;679
67;2512
1569;2056
1569;2524
1254;601
1254;1195
1254;2641
1254;2642
1254;2643
1254;2501
1254;2644
1254;332
2347;2501
96;931
67;1659
125;2506
2198;2522
2198;2523
2198;2524
2198;2525
2198;2526
67;2682
67;2496
2229;2506
2403;2504
2222;258
2301;258
67;2683
67;2533
67;821
1077;1381
1077;2497
1077;25
67;2684
161;2505
168;2544
2470;2537
15;2685
15;2686
15;258
15;2687
67;2688
1425;2591
1673;2545
1357;1736
1357;2514
1077;2507
1808;2573
1718;1955
2262;7
2390;2505
1939;1058
1794;2514
1885;2572
1228;821
1228;2532
1228;548
1228;2533
1228;2534
1022;2505
1406;2504
1603;2581
486;2545
145;2545
2100;2505
2441;814
13;1081
2262;2612
1673;2504
928;2589
928;2589
928;2497
928;2545
291;2544
2441;729
2441;2514
2262;2634
2301;125
2441;908
1627;182
637;1081
678;684
1177;2506
2023;258
29;2552
2251;1736
2251;2514
70;1143
1174;258
98;679
1082;1081
275;2505
1531;2505
2262;2583
276;2552
276;2573
1458;2574
2055;679
1229;258
2466;2175
2466;2524
2466;2603
1346;679
616;2503
678;2622
588;2008
1032;2513
1210;2689
1210;2514
2262;2552
1364;269
704;2691
704;2604
706;2504
1210;2692
2441;1769
289;2639
1003;2498
1355;2504
1007;679
2196;1382
2262;2558
1097;2693
932;1053
1496;2513
687;2531
2466;2169
1357;2505
2441;1058
1595;2694
1595;2695
2262;2552
1193;2542
1789;2502
1513;2505
678;2537
2028;2589
15;2696
15;258
2441;1058
1174;258
552;2502
1326;2505
1754;2505
46;2632
2055;679
678;2506
270;2575
1458;2515
1458;2496
76;2008
1104;1381
1104;2497
1104;25
773;2503
1614;2599
246;316
246;2514
1458;2663
2262;2502
2282;2506
67;1143
2429;2673
2441;559
1458;2504
2145;2599
2147;1081
55;2513
136;684
1130;2505
1779;258
627;931
1746;2505
1627;2294
1703;258
2441;185
895;913
450;2652
1301;2504
1627;679
1786;2672
644;2508
630;2552
1939;684
1939;2502
2441;1557
1947;2546
1947;2547
932;137
1477;258
1605;1381
1605;2497
1605;25
56;679
400;2612
1458;2503
194;581
194;2555
194;2697
194;71
194;2698
194;2699
194;27
194;2701
194;2702
194;2703
618;2531
2032;125
1947;2548
1109;2502
1456;2552
2249;2506
2032;684
2032;2502
474;2505
1605;2504
2405;2522
2405;2523
2405;2524
2405;2525
2405;2526
1380;1382
1844;2505
145;1081
1829;258
1310;2704
1355;2705
2441;82
2184;2522
2184;2523
2184;2524
2184;2525
2184;2526
356;2508
98;913
2170;2501
2405;2502
52;2505
574;2537
2448;85
2448;2706
967;2505
1035;215
1723;258
46;82
1844;1075
785;2634
2174;1223
932;1309
1822;2505
1237;2573
678;2676
2441;228
476;2056
1485;1381
1485;2497
1485;25
1394;735
1627;913
2080;2515
2080;2496
678;2707
2441;2076
1969;2505
697;2589
2196;931
1851;2504
1640;679
1734;2708
1349;2505
2481;2501
989;2508
738;2504
2387;2709
536;82
2229;2574
678;2546
678;2547
2441;125
2074;1081
185;2542
49;2505
2353;2501
1208;2505
2251;2515
2251;2496
1825;2545
2108;2552
2441;684
2441;2502
1597;2505
2238;2503
1639;2504
2090;258
2189;2494
11;679
1209;215
1209;271
67;1291
1628;2504
678;2672
1063;2515
1063;2496
1484;2506
1074;2522
1074;2523
1074;2524
1074;2525
1074;2526
1263;2105
1263;2524
1474;2544
2451;2711
1703;2504
2029;2105
2029;2524
2457;2505
1401;601
1401;1195
1401;2641
1401;2642
1401;2643
1401;2501
1401;2644
1401;332
2197;2599
1209;2712
648;2515
648;2496
1696;2008
140;2503
648;2506
1710;2498
1900;258
648;2545
678;2548
781;2513
684;2502
1868;2573
2206;2175
2206;2524
2206;2603
1961;2595
1430;2539
1430;254
1787;2505
678;2504
732;2505
2253;1864
1703;2539
1703;254
536;1382
1710;2505
1200;2552
789;82
86;2502
406;2505
678;2515
678;2496
1961;2537
2466;2505
2215;913
188;258
1484;2539
1484;254
932;82
1661;2585
1961;2713
1078;559
363;2504
2272;2537
2342;2574
827;2505
1693;258
1806;2663
1341;2572
2003;2505
838;2505
1961;1223
295;2536
295;2607
789;2504
2441;684
132;2505
1568;1058
2301;2505
1371;259
1430;2501
1763;2506
2169;2714
1341;1545
1341;2514
123;2505
451;2715
13;145
2482;2552
1855;2573
2193;2572
450;33
450;2496
2013;684
684;2503
53;2522
53;2523
53;2524
53;2525
53;2526
2140;2574
33;2539
33;254
192;2581
1239;2505
2231;2612
1258;2504
1543;258
769;2574
1200;2502
1210;2716
571;2717
1572;2558
2173;2008
1116;2575
131;2505
1430;1382
1692;258
578;2718
2193;2719
619;2504
1942;2008
1204;2634
1160;2622
542;1357
1892;2552
789;1382
231;2498
816;2672
837;2501
1587;272
1587;2721
1587;2722
1587;2503
1587;2723
1587;2724
1587;2725
1587;2675
370;2401
2221;469
67;2726
67;2514
881;2519
881;252
719;1382
2257;2536
2211;215
2079;258
654;2589
2042;2505
67;2712
122;2652
2193;2727
170;2531
1355;258
1991;2558
774;1382
1210;2572
584;1736
584;2514
983;2505
101;2631
78;2401
1677;82
1210;2544
122;2545
774;2616
319;2502
882;879
30;2575
2397;1381
2397;2559
1869;913
1012;2637
1012;2603
1033;2713
581;2555
581;2697
581;71
581;2698
581;2699
581;27
581;2701
581;2702
581;2703
1519;2708
654;1545
654;2514
1271;2502
528;2552
1128;2169
2204;931
860;2728
103;2579
680;2505
1120;2729
1120;273
1120;2731
1120;2496
2193;82
1976;2505
1620;2505
1412;2552
27;2505
808;2505
2189;2548
1693;2504
2227;2505
369;2522
369;2523
369;2524
369;2525
369;2526
2257;2536
2257;2607
1548;2635
2284;679
932;35
1720;2522
1720;2523
1720;2524
1720;2525
1720;2526
2108;2552
1458;2732
1458;2524
1458;2733
1458;2734
1458;2735
2257;2536
2257;2604
2342;258
1020;258
1250;2504
921;2008
2221;679
273;2515
273;2496
915;2546
915;2547
725;2631
76;2503
2282;1382
1263;2571
1250;82
941;2634
932;1121
932;2506
932;2736
1016;2599
2189;2544
2191;2502
1458;2616
1458;1223
1394;1303
1394;1381
1394;2493
1355;258
1883;2572
592;1382
678;2574
539;2536
798;2638
860;2505
1166;2506
2191;2583
2013;2737
536;2738
318;735
1101;258
2381;2506
151;2739
2000;2501
578;2572
490;416
325;274
638;258
1550;2502
381;2505
2342;2545
318;2614
1348;1911
1777;2539
1777;254
124;2531
536;2008
1117;931
932;2404
30;2655
2093;2505
36;2505
490;2502
245;2505
1094;1381
1094;2497
1094;25
2287;2741
2066;931
899;2008
315;2612
843;2638
2438;215
1853;2505
1210;2742
1210;2743
1210;2744
406;2506
1677;2727
1883;2504
120;2502
1512;2657
2049;2615
835;2505
307;2517
932;908
899;1864
892;2596
932;461
819;1382
2029;908
101;2517
2441;461
2441;2574
2336;2745
2336;2497
1949;2519
1949;252
1128;2507
1893;1223
122;258
292;2506
122;1689
2049;1564
932;412
1811;2517
536;2595
1120;2589
1120;2497
932;628
1000;2599
122;2508
2096;2505
1618;879
2164;2505
433;2572
1879;2506
1415;2505
121;2056
121;2524
702;2505
1418;2504
1547;931
1512;2669
344;2504
678;2746
104;2708
774;215
53;2558
678;2597
1846;2541
1019;82
1921;2599
1876;2056
1033;2518
1110;2747
1110;2496
932;908
932;2748
1405;2508
2301;2008
2270;2597
1905;82
1782;2505
1512;2749
2144;275
1946;2571
307;2507
247;2531
1777;2505
1260;2505
932;1911
169;2515
169;2496
2183;1382
952;2537
1650;2505
669;2494
2081;2505
1021;215
307;2542
2221;2552
1242;2517
713;2504
989;1223
989;1223
989;2619
989;262
989;2621
989;2622
1615;879
230;2505
1377;2504
614;2522
614;2523
614;2524
614;2525
614;2526
235;601
235;1195
235;2641
235;2642
235;2643
235;2501
235;2644
235;332
769;2751
769;2752
769;2753
769;2496
1954;2504
2065;258
2156;2504
1377;1545
1377;2514
76;2505
660;2681
660;2496
932;931
1015;913
2049;1381
2049;2559
180;2505
802;258
829;913
281;679
770;2754
1489;2522
1489;2523
1489;2524
1489;2525
1489;2526
1682;2506
1137;2572
103;2515
103;2496
856;679
1047;258
2326;2502
2049;1381
843;601
843;1195
843;2641
843;2642
843;2643
843;2501
843;2644
843;332
798;2544
2108;2612
58;1143
678;2727
1583;2502
1137;2504
2016;1382
30;2501
1297;2502
1983;258
932;1688
932;2633
1827;1223
1482;2505
108;215
127;2505
433;2504
678;2616
2183;1143
932;145
26;2508
2057;1223
1680;931
220;2502
1030;2545
1863;2503
1363;2501
2301;1382
611;2505
307;2657
1024;2755
1024;2756
1024;1593
1024;2757
1024;2555
1024;2758
1644;2635
1106;2759
932;33
932;2496
175;2754
39;2501
819;1545
819;2514
1020;2505
1483;1223
1285;2548
1429;913
908;265
2239;2503
1256;2506
848;276
1024;2501
2322;2504
591;1382
2345;2505
1047;258
433;2545
1557;2727
373;2504
281;2637
281;2603
541;2737
1861;684
536;1114
536;2514
972;215
932;1955
420;679
669;1143
989;2761
784;2505
768;2505
626;2505
1364;2501
217;82
433;1223
1958;2537
932;1613
932;2496
344;2537
301;2506
774;1223
774;2514
774;2762
774;2763
2298;104
1023;2505
1058;735
932;2109
2253;908
819;298
744;258
1458;2628
2313;2505
678;2572
1165;258
167;2505
2455;2545
2301;2494
1817;2764
1817;2765
856;2637
856;2603
2208;2505
1373;2519
1373;252
1079;2505
2339;2505
913;2766
322;2636
678;2584
1853;2595
121;2575
2433;2504
986;2767
986;2514
986;2768
1340;2504
928;2539
928;254
2122;258
292;2545
1210;2769
909;2637
909;2603
1012;2599
176;215
1736;2514
1691;2552
1253;2505
324;913
126;913
1286;2505
1103;913
545;2505
1701;1665
2104;2544
212;2008
212;2603
2126;2637
2126;2603
1121;277
914;2539
914;254
1701;1665
834;2504
686;2179
41;601
41;1195
41;2641
41;2642
41;2643
41;2501
41;2644
41;332
450;1291
97;2505
966;2401
165;2501
407;2514
732;2501
1198;2504
212;1381
212;2497
212;25
324;2552
857;1223
1058;2518
1647;2522
1647;2523
1647;2524
1647;2525
1647;2526
703;913
1055;2636
1321;2502
1302;2545
47;2505
859;1382
1677;879
534;2634
1108;2505
536;1309
292;2504
1296;259
433;1075
1067;1223
1067;1223
1067;2619
1067;262
1067;2621
1067;2622
534;2502
300;536
300;2771
1296;2505
146;2505
10;2505
1257;931
908;2748
891;258
1940;2504
2048;601
2048;1195
2048;2641
2048;2642
2048;2643
2048;2501
2048;2644
2048;332
593;2575
185;2507
1909;2505
1503;2008
1886;2507
947;2513
815;258
3;723
218;2502
1121;2506
1121;2736
1652;215
1067;1545
1067;2514
2267;2502
1179;2542
1275;2536
1275;2607
2377;821
2377;2532
2377;548
2377;2533
2377;2534
716;2494
699;2504
1734;2494
989;2608
989;2575
979;2772
979;2773
536;729
536;2514
885;913
146;2504
1541;2599
1343;2552
685;2522
685;2523
685;2524
685;2525
685;2526
1559;2594
1559;2559
1559;2774
1608;2504
2122;2505
925;2504
2439;2545
840;2179
1601;2507
1734;2636
209;2513
26;2541
540;316
540;2514
1383;2552
2244;2505
1543;2505
547;1469
547;2603
547;2514
1141;2513
1197;1303
1197;1381
1197;2493
2277;2505
1752;145
1249;2506
2294;913
1289;1382
765;2572
100;1382
936;2775
936;2734
936;2733
1342;2505
467;2505
1591;2776
1264;2519
1264;252
536;581
536;2777
209;2515
209;2496
1766;2531
1302;2707
1608;2574
2265;2506
1010;2502
977;2504
2103;2515
2103;2496
1306;2504
209;2504
536;1381
536;2559
1467;2574
2210;2508
2011;2505
1265;2505
1361;2544
209;601
209;1195
209;2641
209;2642
209;2643
209;2501
209;2644
209;332
545;2513
864;2505
774;2506
774;2778
654;2505
2431;2505
1910;2502
1244;2502
1467;2515
1467;2496
763;258
545;1545
545;2514
1438;2494
447;2552
1276;2056
700;2558
12;879
774;1303
774;1381
774;2493
1630;2501
545;1223
545;1223
545;2619
545;262
545;2621
545;2622
1274;2515
1274;2496
38;2504
300;2246
547;911
1752;1613
1752;2496
711;215
545;2574
2253;1382
106;2597
364;2505
536;2622
545;2504
216;1382
1467;1381
1467;2497
1467;25
989;2779
2466;2513
846;2577
1273;908
774;1075
517;182
1164;2505
583;2536
114;2545
1783;2505
1608;2548
2341;1223
91;601
91;1195
91;2641
91;2642
91;2643
91;2501
91;2644
91;332
654;2504
977;82
447;2634
1461;2727
685;2592
1752;87
1596;2537
696;2505
547;2505
752;258
1602;2542
1608;82
1111;2008
2212;2548
322;215
322;2514
88;258
1302;2574
2326;2583
1102;2501
1207;2574
2300;2504
1458;215
1830;2541
1953;278
450;2781
1576;2499
445;2597
1647;2612
2273;879
1159;2515
1159;2496
1859;879
527;2505
337;2575
398;2504
447;2677
1657;2634
1322;2545
1507;2589
1734;2505
1276;2504
1862;258
1033;2515
1033;2496
1273;2537
1495;2782
680;258
1041;879
1111;2544
2163;1545
2163;2514
116;2008
918;879
999;2505
1100;316
1100;2514
2183;2508
1955;879
2364;2572
2037;2537
1734;2545
1050;2401
908;1291
798;2548
569;2677
910;1382
562;2544
752;2537
774;2056
774;2524
1924;2505
1649;879
1554;2596
1212;2494
944;679
979;2783
1943;2784
932;2694
932;2695
2308;2503
2148;2545
1202;215
533;254
1806;601
1806;1195
1806;2641
1806;2642
1806;2643
1806;2501
1806;2644
1806;332
536;2513
1131;2008
153;215
908;2518
1505;879
922;1382
2304;258
932;2785
1427;2545
2308;2584
2148;2517
654;2607
2161;1381
2161;2497
2161;25
932;2786
1833;2594
1833;2559
1833;2774
654;215
908;2494
1533;2505
1217;931
1544;2506
2443;913
450;2494
2462;1075
208;2501
35;2633
35;2787
1619;2665
2308;82
1562;2754
814;2545
798;2754
593;2505
1459;2504
732;2495
732;2496
732;2497
479;778
26;2545
494;2505
569;2746
1251;2505
1369;2602
1369;2603
2306;2505
841;2505
729;2514
1353;2548
721;931
1461;2504
909;2522
909;2523
909;2524
909;2525
909;2526
1036;2589
518;931
1182;82
2024;1911
2008;2537
2364;82
786;2539
786;254
849;2505
1267;215
932;2788
932;2514
51;2522
51;2523
51;2524
51;2525
51;2526
22;215
2173;1075
236;2008
236;2603
288;2552
2295;1223
220;2597
2125;2505
798;2515
798;2496
2360;265
2415;2505
1734;258
1276;2501
141;2505
1734;2515
1734;2496
2008;2603
1441;2667
979;2635
1887;931
1849;2505
145;2638
2166;2544
1046;2536
669;2504
1175;1397
2210;2519
2210;252
2324;2505
742;2505
767;2522
767;2523
767;2524
767;2525
767;2526
1624;2634
1521;2401
221;2505
1046;2536
1046;2607
685;2634
669;1382
2335;2789
2441;2574
641;279
1995;601
1995;1195
1995;2641
1995;2642
1995;2643
1995;2501
1995;2644
1995;332
1039;2667
1607;2538
1607;821
1607;2532
1607;548
1607;2533
1607;2534
1734;1381
1734;2497
1734;25
1339;2791
1642;2504
1835;2505
1046;2536
1046;2604
2490;2501
979;913
1500;2548
1619;2589
2447;258
774;2628
1303;1381
1303;2497
1303;25
2287;2515
2287;2496
267;263
824;2008
237;2505
752;2505
2441;2652
296;33
296;2496
26;2504
676;2504
1246;931
2355;931
1288;2541
1508;2544
71;2615
420;2637
420;2603
1533;258
1451;2505
593;2008
1194;2505
32;2503
932;2792
303;2513
2112;2574
1803;2056
839;2056
1046;2536
930;279
610;2505
919;2519
919;252
2432;2515
2432;2496
1752;1469
1752;2603
1752;2514
2018;1382
2236;2401
1334;931
897;2793
1619;2794
1088;679
1335;931
2441;2616
669;1382
32;1223
771;2505
1063;1382
71;2793
1352;2795
1056;258
71;2636
1320;2504
613;679
2346;2796
2256;2708
1797;2501
919;2504
2323;274
978;2507
103;1382
652;931
2427;2505
1312;2575
450;2508
403;2505
639;2494
1498;82
1281;2505
216;2008
874;2539
874;254
932;2797
932;2798
1262;2504
1295;2505
237;2799
919;2501
1469;2603
1469;2514
1989;2708
2173;215
1307;2505
1352;258
2438;714
1612;1382
2269;2591
262;2545
631;2505
919;258
2173;601
2173;1195
2173;2641
2173;2642
2173;2643
2173;2501
2173;2644
2173;332
1612;2794
1611;931
262;2504
1398;2548
2142;2781
69;2537
403;2175
403;2524
403;2603
1734;33
1734;2496
2236;1223
259;2504
908;28
908;2801
954;2538
954;821
954;2532
954;548
954;2533
954;2534
1449;821
1449;2532
1449;548
1449;2533
1449;2534
1734;2008
1025;2109
909;2552
1454;2504
1752;2802
262;2515
262;2496
666;2803
337;2501
103;2494
1844;2541
2149;258
299;1545
299;2514
2034;2637
2034;2603
204;2607
2438;601
2438;1195
2438;2641
2438;2642
2438;2643
2438;2501
2438;2644
2438;332
1567;2575
1288;258
1748;2504
749;913
1388;2583
2052;2804
1006;2575
2121;2505
1343;2677
771;2504
734;2636
1475;2552
2067;2805
1752;2056
1306;2505
1835;2541
323;2494
2287;2539
2287;254
1201;2505
32;2546
32;2547
2112;2505
1805;2545
718;2622
932;2806
1649;1314
2114;2807
1398;2494
288;2552
1343;913
1619;1554
1619;2758
2441;1545
2441;2514
32;2574
1539;2518
1329;1143
1549;2541
669;2494
32;2537
363;258
2040;2504
874;1545
874;2514
1752;2531
930;2506
533;82
2250;1223
2441;2623
2441;2624
2441;2625
2441;2626
2441;2627
487;2008
536;2718
2365;2583
964;2628
2224;2501
2188;2504
932;2808
932;2524
932;2514
774;2501
1758;2592
1863;2508
2287;2504
99;2634
1323;601
1323;1195
1323;2641
1323;2642
1323;2643
1323;2501
1323;2644
1323;332
1167;1382
74;2505
1841;2519
1841;252
2479;931
1435;2544
2441;2713
902;2505
1660;2809
1660;2774
1660;2559
1660;2556
1897;601
1897;1195
1897;2641
1897;2642
1897;2643
1897;2501
1897;2644
1897;332
456;2505
182;2552
2441;2622
574;2615
2053;2616
932;281
32;2515
32;2496
2259;2521
1010;2634
2374;2515
2374;2496
2441;1223
506;2513
378;255
792;2578
414;2502
2053;2708
615;2505
1118;1223
2147;2505
774;2008
2374;259
2374;2811
761;2519
761;252
536;82
1170;1688
1170;2633
680;2575
2238;2517
2441;2499
932;2812
932;2276
296;2008
761;2504
1014;2616
1988;2505
1178;2515
1178;2496
792;2593
1526;2544
283;1545
283;2514
839;2504
1903;2813
2441;2546
2441;2547
456;2574
2063;2536
2063;2607
350;1382
1823;931
629;931
342;2672
1993;2546
1993;2547
1347;2505
2450;1659
1539;215
1335;2607
1445;2718
1325;2501
960;2506
1014;2548
1131;1381
1131;2497
1131;25
792;2517
2310;931
985;2522
985;2523
985;2524
985;2525
985;2526
2441;2537
1903;2506
299;1398
927;258
1791;2506
671;2504
1582;2056
1582;2524
1553;1224
1417;2494
202;2531
18;2814
2316;2504
2035;2583
991;2504
1539;2504
1996;2505
932;2716
536;2665
342;2515
342;2496
932;389
1993;2495
1993;2496
1993;2497
1066;2815
963;1545
963;2514
536;2537
2466;2508
1960;2505
852;316
852;2514
617;2634
1059;2504
80;312
1986;2816
2087;2506
1264;2505
1539;2574
1225;2515
1225;2496
2250;2781
984;2552
342;2506
2434;2507
2441;2504
1320;2505
608;2495
608;2496
608;2497
880;2536
1478;2552
807;679
2089;2572
241;2504
2173;1223
422;2604
536;2652
1600;104
225;2605
1058;2501
2207;2531
932;2669
66;215
66;2514
2146;2056
2441;2672
782;1545
782;2514
342;2513
2037;2504
1451;2506
2383;931
1435;2638
1925;2504
1451;1223
2441;2515
2441;2496
608;2751
608;2752
608;2753
608;2496
914;601
914;1195
914;2641
914;2642
914;2643
914;2501
914;2644
914;332
2323;2636
251;2504
366;265
1699;2544
574;1291
536;2503
2441;1223
2441;1223
2441;2619
2441;262
2441;2621
2441;2622
932;2817
932;2496
342;1223
342;1223
342;2619
342;262
342;2621
342;2622
2271;1223
960;2505
1956;2589
1956;2497
932;1115
932;2299
791;2631
1189;2727
212;2505
354;1381
354;2497
354;25
1967;2505
536;1545
536;2514
1425;2635
145;2506
851;2545
2380;2503
489;2737
2015;2504
536;1223
536;1223
536;2619
536;262
536;2621
536;2622
212;2518
2015;2542
116;2574
1428;2599
51;2552
536;2515
536;2496
2118;2505
2037;2545
1464;1223
1464;1223
1464;2619
1464;262
1464;2621
1464;2622
2372;2599
842;258
1168;2635
1043;2504
1791;2537
2394;2615
1812;2607
2402;2513
2314;679
422;2505
87;2781
61;2818
61;2603
61;2514
252;913
1999;258
932;2819
260;2589
2053;2505
2402;2505
2388;2754
1072;265
1464;2548
574;1223
807;2502
1451;1535
352;1223
1236;1223
1399;2638
1778;1143
1651;2536
1569;2498
804;82
830;2504
66;1381
66;2559
1146;2548
1956;1291
2293;2672
932;1564
932;282
1359;1075
1955;2544
1343;2552
990;2501
2159;2708
1632;679
1549;2505
794;2508
185;2504
1507;2504
2388;2505
530;1075
66;265
546;2574
960;2504
66;2595
465;2505
932;2821
932;2822
1877;2505
2379;2504
2410;2515
2410;2496
865;2506
2372;2552
546;258
2084;2551
1492;1223
1492;2514
1492;2762
1492;2763
885;2502
989;2761
138;2505
2466;1689
791;2499
1398;2494
1664;2169
1613;2496
1625;2558
334;2502
162;2507
489;2823
1397;2056
1397;2524
463;2505
1261;2646
1261;2525
1570;2505
485;679
1195;601
1195;2641
1195;2642
1195;2643
1195;2501
1195;2644
1195;332
1750;2595
6;2114
1114;2514
748;2504
1089;2504
1398;2781
2473;2573
580;2612
488;2544
73;2824
2130;2505
159;1382
498;2597
493;2825
493;2826
1155;215
932;2827
639;2503
252;1382
2278;2674
2278;2675
932;279
1001;258
2043;2513
1398;2818
1398;2603
1398;2514
50;913
316;2514
932;2614
589;2504
103;2541
212;2519
212;252
548;821
548;2532
548;2533
548;2534
1916;828
679;913
2148;2521
2105;2524
1239;1223
1750;2504
874;215
740;2596
850;2706
1323;2531
365;931
1005;2505
1333;2505
1664;2517
263;215
1590;2505
2323;1223
1095;2502
932;1314
1923;2508
212;2008
932;2575
7;913
982;2498
914;1688
914;2633
1856;913
395;2501
2480;145
754;82
1516;931
585;2513
886;258
2323;82
1706;2505
1483;2008
1865;2545
923;2536
823;2581
2200;2599
932;2615
954;2502
2015;684
1479;2505
988;2515
988;2496
496;2544
326;2505
1451;2544
822;913
1098;2056
2323;2504
796;2589
859;2506
1666;33
1666;2496
754;2636
900;9
874;1382
252;2772
252;2773
2134;2637
2134;2603
1398;78
1092;2505
2148;2008
1293;2545
1518;258
1520;2615
1656;2495
1656;2496
1656;2497
2217;2544
1956;1303
1956;1381
1956;2493
2359;2056
2359;2524
1873;1381
1873;2559
1398;1291
1453;2505
1252;2545
1013;218
1013;2828
1013;2829
1807;2597
2380;2545
796;258
1542;215
1013;2589
2001;2772
2001;2773
964;2056
2020;2558
798;1381
798;2497
798;25
1747;215
2473;2522
2473;2523
2473;2524
2473;2525
2473;2526
585;2515
585;2496
2323;1381
2323;2559
1578;2574
1241;2505
929;2545
1907;1223
1067;33
1067;2496
690;2552
908;2615
473;913
526;2581
1627;679
607;2508
1856;2612
1923;2655
1264;2575
821;2504
1744;145
908;2616
650;2505
213;2764
213;2765
340;2506
1083;2616
1856;2592
1398;33
1398;2496
929;2504
2367;2712
392;2501
2378;723
1923;258
2464;2708
1881;2575
1717;2575
932;128
932;283
932;2831
932;2832
1057;2616
526;1545
526;2514
1387;2501
2268;679
929;2708
2217;2545
382;2833
2391;2548
2221;2634
932;2834
297;2597
1223;2713
609;2502
2136;2594
2136;2559
2136;2774
1871;2652
276;2552
229;2501
932;2835
929;2542
798;2175
798;2524
798;2603
792;215
717;2552
2154;2503
978;2836
1352;2505
1057;2615
2083;2505
1790;2837
1017;2634
1856;2552
990;2498
943;2791
434;2596
1232;2515
1232;2496
1174;2505
2192;2504
1431;258
645;913
1013;2838
1013;2603
1676;2634
1232;2545
694;2589
1450;258
2217;2574
239;2507
2407;2839
1732;2505
612;557
2370;2631
2139;258
843;2537
932;284
1199;2505
1085;2504
1856;2558
1319;2595
330;2496
278;2506
1511;2808
1511;2524
1511;2514
297;2502
357;258
2458;2503
1856;2502
1266;2522
1266;2523
1266;2524
1266;2525
1266;2526
932;2841
745;2791
54;215
561;2541
1641;2545
1860;2541
2419;2056
2419;2524
1873;1223
1873;1223
1873;2619
1873;262
1873;2621
1873;2622
932;2842
989;2843
2307;931
1431;2504
1648;2505
244;2583
639;2652
932;2844
1730;267
1730;2496
113;2505
956;2714
955;2504
1906;2677
2227;2638
1515;2505
1641;2504
2432;258
932;2845
1955;2846
1955;2524
1235;2517
658;2522
658;2523
658;2524
658;2525
658;2526
1298;2505
932;2847
932;2848
932;2784
932;2849
932;285
932;1223
932;2851
792;2589
1559;2505
705;2056
705;2524
1627;2573
1136;2852
1772;215
1045;2513
2127;1075
2255;2056
2255;2524
1057;267
1057;2496
2001;2597
1606;258
2394;2505
2394;2853
575;2008
1407;2501
2458;2616
2458;2572
852;2637
852;2603
955;2854
1437;2504
639;2593
327;2008
1161;2545
887;2518
2419;1075
718;2855
905;1688
905;2633
1360;2755
1360;2756
1360;1593
1360;2757
1360;2555
1360;2758
227;2738
745;1075
321;2548
2424;82
792;2607
2394;2505
2209;2505
1534;2546
1534;2547
2041;1906
1873;312
1873;2634
1904;601
1904;1195
1904;2641
1904;2642
1904;2643
1904;2501
1904;2644
1904;332
222;2502
321;2596
981;2805
2472;2506
994;2056
994;2524
2078;2572
2332;2856
508;258
1688;2633
1590;2503
475;2505
1532;2505
932;128
932;283
932;2831
932;2832
2398;2628
1049;1223
1049;1223
1049;2619
1049;262
1049;2621
1049;2622
2385;931
1119;2056
1119;2524
415;2791
792;2712
2129;2857
2129;1688
2129;2858
826;2859
826;286
826;2861
826;2862
1979;679
391;2863
2311;2852
286;601
286;1195
286;2641
286;2642
286;2643
286;2501
286;2644
286;332
44;2504
357;2504
2041;1906
345;2525
345;2526
345;2864
1850;2601
932;2865
932;2866
1990;104
2419;2794
745;2867
1308;2574
1165;2505
1743;2666
274;2514
932;2846
932;2524
932;1955
940;2791
382;2505
932;2655
1818;2597
1473;2638
1291;2545
1080;2496
81;2868
2148;2869
920;2522
920;2523
920;2524
920;2525
920;2526
1129;2008
308;2505
2173;2401
1206;2501
2386;2505
1847;2536
1633;2522
1633;2523
1633;2524
1633;2525
1633;2526
509;2401
1709;1223
1850;2628
357;1545
357;2514
536;2771
482;2503
1395;2504
1514;2502
1689;2628
1873;2584
2240;931
16;287
2366;2584
932;992
932;2871
932;2872
908;2748
1648;2589
1408;1381
1408;2497
1408;25
1372;2505
1850;2639
736;2506
905;2506
1847;2536
1847;2607
64;2008
1031;2056
1031;2524
115;2504
574;2873
1213;2874
1308;2504
1959;2708
59;2056
1847;2536
1847;2604
64;1223
64;2514
64;2762
64;2763
522;2505
2054;2522
2054;2523
2054;2524
2054;2525
2054;2526
787;2544
1986;2875
2299;2542
1669;2505
419;258
932;2846
932;2774
932;1223
623;2506
935;2589
2285;679
872;255
2020;2552
623;2574
1395;1545
1395;2514
662;2581
1847;2536
1040;2638
932;2714
1860;2505
116;2504
1810;2612
1818;2522
1818;2523
1818;2524
1818;2525
1818;2526
1031;2507
1926;2502
1112;2505
83;258
2263;2505
233;2548
1423;2056
1423;2497
1423;2876
1423;2603
1914;2505
932;2781
2201;2506
1129;2572
1129;2584
427;2505
2410;2628
33;2056
174;2503
1977;2505
2338;2504
640;2503
1854;2505
2375;2522
2375;2523
2375;2524
2375;2525
2375;2526
563;2504
993;2522
993;2523
993;2524
993;2525
993;2526
1616;2505
56;2583
1279;2545
1451;2727
1896;2505
932;892
932;2877
2131;2502
2440;2726
2440;2514
683;258
823;2863
457;2513
1057;2575
2302;2536
823;2589
1512;2878
1512;2879
1512;288
743;2522
743;2523
743;2524
743;2525
743;2526
150;2694
150;2695
484;2583
31;2545
730;2552
1129;1545
1129;2514
1206;2541
825;2575
1206;2506
1594;2531
2466;1545
2466;2514
2071;29
2458;1381
2458;2559
1501;2881
436;2497
1164;2589
1164;2497
487;2628
2458;2727
187;2504
2436;2882
1054;2056
792;2669
792;2524
2173;2516
2019;2502
311;2694
311;2695
65;2531
203;2056
203;2524
243;2628
2031;2175
2031;2524
2031;2603
2362;2175
2362;2524
2362;2603
669;1382
519;2505
482;1223
1436;2505
932;2883
9;2599
2286;2594
2286;2559
2286;2774
736;82
482;2537
932;2884
622;215
2120;2504
2337;2519
2337;252
2247;2502
1617;2669
683;2505
9;2573
2147;1538
772;2885
745;2616
1722;258
932;2855
1982;2505
162;2718
579;215
579;2886
756;2694
756;2695
1604;2505
743;316
743;2514
760;2505
2238;2501
1845;258
2362;1381
2362;2497
2362;25
1770;2505
578;2505
268;2515
268;2496
1466;735
1057;2737
200;82
1978;2401
1144;2887
1463;2548
622;2504
989;269
2374;2501
1451;1381
1451;2497
1451;25
722;2502
2165;2501
351;2639
40;215
932;2888
932;2496
2492;2505
172;2056
1384;679
1139;258
1932;258
1129;2504
646;2505
722;2583
1125;2502
530;2834
145;2589
145;2497
1622;2548
792;215
233;2503
1901;2513
908;2748
32;2504
2420;2638
1975;2535
1975;2496
1975;2514
1124;2504
1662;1545
1662;2514
172;2638
966;2507
926;2544
1451;2615
682;2558
2458;2658
2458;2514
1765;2537
1096;2502
145;2574
367;2718
1662;2672
2458;2546
2458;2547
233;1381
233;2559
1745;2889
1866;2669
1866;2524
1765;1223
1858;258
1013;2537
933;2505
1765;1223
1765;1223
1765;2619
1765;262
1765;2621
1765;2622
1076;2694
1076;2695
1705;2636
437;2599
1623;2612
2348;2505
2173;1143
2362;1381
2362;2559
1768;2574
2458;2548
1410;735
951;2505
1968;2776
1398;2638
1775;1223
51;2558
1332;2791
2446;2504
31;2669
523;2505
233;2593
1875;2505
371;1143
1269;2505
935;2541
293;258
2466;258
2132;2545
1726;2837
2458;1223
2458;1223
2458;2619
2458;262
2458;2621
2458;2622
1365;723
932;2336
2025;679
2362;2519
2362;252
1176;258
908;2748
1975;1223
1975;1223
1975;2619
1975;262
1975;2621
1975;2622
277;2513
1616;2501
1765;2515
1765;2496
2178;2552
1552;2638
2361;2574
1563;2505
2006;2519
2006;252
786;2504
1259;11
149;2505
1573;2638
1963;2616
639;2638
1802;2515
1802;2496
2236;2056
1512;1223
1546;289
786;2501
233;2499
1790;2558
1756;82
1367;2502
2286;2636
34;215
1537;2694
1537;2695
233;2506
1560;2507
2002;679
2217;1382
77;2891
1878;2545
268;2636
2178;2634
233;2574
932;2638
1176;258
2187;2506
2361;2506
639;2056
639;2524
989;1689
2408;2892
656;2877
313;2503
1116;1381
1116;2559
1029;1223
1029;1223
1029;2619
1029;262
1029;2621
1029;2622
2233;2505
1788;2552
2158;2501
2235;2638
1284;2502
1013;2513
1964;2498
2216;2513
1773;2501
2178;2558
932;2784
2458;2545
2018;2508
1592;2536
233;1545
233;2514
268;557
1935;1529
1935;2893
1935;2243
411;2544
634;2504
878;2505
926;2574
1351;1382
1874;2513
612;2506
268;1143
2191;2599
1850;2506
233;1223
233;1223
233;2619
233;262
233;2621
233;2622
932;1554
1510;2505
801;2894
1850;2665
2043;2548
688;2521
1850;1223
1850;1223
1850;2619
1850;262
1850;2621
1850;2622
1465;2504
932;2778
1850;1381
1850;2559
701;2505
233;2515
233;2496
452;2751
452;2752
452;2753
452;2496
2272;2515
2272;2496
2018;2503
710;2056
710;2524
818;2531
31;2895
31;2514
233;2545
801;82
1535;2501
603;2572
2152;2572
249;2505
1457;2575
1215;2503
233;2504
1122;2545
1385;875
1385;2544
656;2552
323;389
1768;258
2344;2537
464;2519
464;252
790;2545
2466;2503
2421;2505
2236;29
1486;2505
65;2505
733;2896
733;2745
733;2897
733;2497
733;2524
156;2898
1038;2505
916;2505
2191;2552
339;2505
2008;2515
2008;2496
1011;2056
2155;2505
2354;2535
2354;2496
2354;2514
1743;2501
1575;2863
207;2503
2216;2504
1044;2505
2286;2899
186;2504
339;2501
1815;2638
2008;2506
1700;2655
181;2507
1906;2045
1579;2672
1011;2505
1929;2513
1764;2503
639;1223
639;1223
639;2619
639;262
639;2621
639;2622
228;29
1116;82
266;2517
932;2901
734;2522
734;2523
734;2524
734;2525
734;2526
1764;2515
1764;2496
402;2505
690;2637
690;2603
595;258
2305;2545
1764;2513
424;2739
1266;2902
1764;2504
2458;2537
1737;2505
576;821
576;2514
2203;971
472;2637
472;2603
2466;1593
2466;2903
2466;2904
2466;2905
367;2513
2296;2589
536;2768
1327;2505
634;2545
2265;258
1512;2817
1512;2496
1839;2672
1906;645
2423;2502
893;2708
1155;258
1273;684
555;2667
162;2548
1810;2581
512;258
1577;2503
1686;2515
1686;2496
1986;48
904;2727
440;2505
73;258
707;2505
417;2505
1935;2585
1173;2505
2413;601
2413;1195
2413;2641
2413;2642
2413;2643
2413;2501
2413;2644
2413;332
332;601
332;1195
332;2641
332;2642
332;2643
332;2501
332;2644
272;2727
1906;504
372;2504
2350;1382
1487;2505
904;2718
1970;2505
1665;1382
2124;2505
1584;258
755;215
1160;2505
1243;2505
1906;2
1906;2773
1906;2563
1906;2906
1906;2496
1622;2515
1622;2496
1536;2505
664;258
2238;2589
2238;2497
981;2739
537;274
1890;2505
1188;258
656;2552
501;2597
501;2907
194;2056
194;2524
143;735
1556;2636
1315;2908
293;2505
2004;2515
2004;2496
2172;2504
2264;679
783;2505
1494;2505
1042;2546
1042;2547
424;2909
904;2548
647;2719
302;2504
823;2501
1575;2589
1149;2505
362;2672
1694;2655
809;258
1627;291
586;2503
764;2505
57;2515
57;2496
119;2911
896;2739
2097;2501
1272;258
1062;2632
858;2505
1653;2508
1627;679
2001;2552
901;2548
502;258
942;2505
42;2505
647;2401
1933;2537
2456;2505
305;2912
2440;2664
596;2537
904;2545
139;2517
1042;2545
1627;2552
1057;258
359;2544
1857;258
793;2505
1299;2545
904;2515
904;2496
1663;2504
1974;114
1368;2507
2318;2505
2281;2496
2;2693
2017;2505
647;459
932;1356
1062;2718
2384;2544
601;1195
601;2641
601;2642
601;2643
601;2501
601;2644
601;332
1980;2505
2086;2505
883;2909
466;2504
1190;2519
1190;252
1215;2575
932;2401
1971;2505
2178;2502
2027;2574
428;2883
647;2666
2177;2504
549;2505
1843;2709
1402;2589
1402;2497
1566;587
256;2612
1410;2622
1410;2621
1410;2913
2167;258
2167;2914
2068;2498
2010;2502
79;2597
819;2915
2116;215
1311;2505
2341;2507
659;258
647;2669
647;2524
2177;2505
1771;2634
478;2589
1330;1397
431;2522
431;2523
431;2524
431;2525
431;2526
1952;2505
659;2505
1880;2898
2123;1381
2123;2497
2123;25
819;2916
243;2504
24;2505
1530;2515
1530;2496
2281;1223
1315;2908
1315;2917
293;2504
2418;2505
2487;2546
2487;2547
2389;258
1245;258
2141;2918
819;2919
1645;2537
73;1382
462;2637
462;2603
1530;2504
430;1381
430;2497
430;25
2254;2505
628;2595
1767;2799
914;215
1933;1223
1994;258
1430;2605
647;2605
1715;2401
1922;2545
1871;2614
974;258
1604;258
164;2575
310;258
1888;2664
904;2574
2185;215
1694;2498
2477;2599
1739;1382
393;679
20;505
20;292
20;2921
20;2922
20;2923
20;821
20;2924
20;2925
20;2926
932;1154
932;2927
2009;2664
2238;2515
2238;2496
1981;2505
1767;2754
265;2912
413;2572
855;2636
670;2504
491;2505
2021;2501
2444;258
525;215
975;2501
1113;2515
1113;2496
77;258
1933;1223
1933;1223
1933;2619
1933;262
1933;2621
1933;2622
2218;2507
2258;1223
557;1382
733;2505
2218;2505
1944;2504
677;2537
2101;2605
2218;2928
2236;2507
177;1382
1365;2791
358;255
2328;258
2248;258
2238;2545
693;552
693;2929
1659;2572
1409;293
234;2505
1767;2519
1767;252
866;1223
866;1223
866;2619
866;262
866;2621
866;2622
1116;1689
2444;258
2426;2522
2426;2523
2426;2524
2426;2525
2426;2526
932;2056
932;2524
677;1223
570;258
1588;1382
906;1223
147;2548
2214;2505
1273;1398
745;2056
745;2524
1790;2502
1727;2504
874;1545
1761;2599
1588;1382
2050;215
107;2637
107;2603
819;2605
1202;2545
441;2508
677;1223
677;1223
677;2619
677;262
677;2621
677;2622
2119;215
283;2513
745;2672
2191;2522
2191;2523
2191;2524
2191;2525
2191;2526
1378;2539
1378;254
1857;1143
1448;2542
1287;2541
1430;1397
1330;2574
2039;2546
2039;2547
1659;2574
2005;2539
2005;254
2001;2931
1158;2833
1181;2502
2396;2505
191;2515
191;2496
399;215
656;2522
656;2523
656;2524
656;2525
656;2526
20;2773
20;2563
20;2906
20;2496
2070;2548
2214;2589
1649;1223
1740;258
2245;2545
60;2517
1216;2501
531;258
656;2634
418;2498
283;2932
1765;1397
2288;258
1695;2933
1695;2751
1695;2934
1695;2935
1695;2936
1695;2495
1695;2937
1695;2938
1695;2939
1695;294
1695;2941
1695;2942
1695;2943
1695;2944
1695;2945
1695;1684
430;2605
1158;2515
1158;2496
2005;258
656;2552
2234;215
906;2513
1430;1545
1430;2514
1135;2781
1158;2545
1430;1143
1649;908
2404;2504
2445;2909
2325;2946
1889;258
1612;1143
283;2838
283;2603
758;2504
2116;2505
643;2513
1430;2056
693;2947
2234;2504
272;2506
1638;2056
1957;2505
310;2531
1064;2599
193;2505
906;2622
731;2552
2325;2574
442;2505
301;2833
557;258
1192;2537
257;2502
93;2808
93;2524
93;2514
1071;1381
1071;2559
520;2504
2362;258
438;2719
2056;2524
2180;2828
2180;2829
2168;2505
1315;2653
1192;2504
2010;2591
1765;2531
2236;2672
1219;2637
1219;2603
684;2664
1714;2505
1365;2948
2325;2507
456;2515
456;2496
1328;2542
2101;386
1300;2505
681;2508
1315;1223
2199;2612
1328;2504
2368;2505
1031;684
347;2505
938;1545
594;2505
565;2505
1413;2545
1024;2746
367;2506
745;1115
731;2634
118;2592
1948;2545
2182;2531
1221;2531
1315;2605
735;908
1527;2505
1230;2949
1230;295
1686;215
456;2915
684;82
1328;1223
2362;2838
2362;2603
1704;2504
1968;2558
42;2504
1814;2505
565;2506
1731;2951
118;2502
656;2502
2219;2802
727;1894
2412;2504
1133;2522
1133;2523
1133;2524
1133;2525
1133;2526
510;2505
1052;258
158;2508
56;2634
376;2622
731;2693
1765;2517
464;258
727;2351
1313;2581
2357;2505
2005;2501
628;2574
2325;2952
1687;2545
1902;2505
5;2552
1315;2666
976;1545
976;2514
1757;1223
1757;1223
1757;2619
1757;262
1757;2621
1757;2622
442;2515
442;2496
1041;2501
1471;2545
2195;2495
2195;2496
2195;2497
1426;254
2395;1143
693;2719
449;2506
1901;2589
912;2497
912;2953
2150;2595
343;2954
198;2505
1389;2513
1402;684
2412;2506
1234;2636
606;2505
1280;2508
2113;2502
333;2505
1838;2513
1928;1382
1411;2545
1888;2574
1116;1381
1116;2497
1116;25
1402;2666
788;2515
788;2496
1598;2673
1598;821
727;1202
544;2545
575;2501
242;2504
606;2575
727;216
1502;2615
2062;1649
1317;2505
1804;2653
1480;2664
1922;2501
727;778
932;2875
1404;215
779;215
90;2505
2101;2746
1480;2572
145;215
692;215
1157;2504
2291;2574
845;2548
1090;2498
1480;2708
1386;2508
2058;2634
1221;258
1915;1223
1915;1223
1915;2619
1915;262
1915;2621
1915;2622
1517;258
1491;2505
2101;2727
1480;2504
1398;2666
1452;2589
1402;2545
2430;2616
564;215
1941;2548
72;2502
2357;2504
1729;2713
2325;1554
2325;2758
152;2545
1099;2505
1998;684
460;2401
2044;2505
946;1545
946;2514
2272;451
2272;2715
727;2955
853;2634
1303;2401
1402;2501
2228;2505
487;2503
1398;2605
404;2502
567;316
567;2514
727;2912
2157;2505
1386;1143
1386;2956
142;723
766;2505
709;2515
709;2496
1895;2504
2430;82
959;2634
968;2517
2171;679
1230;2751
1230;2752
1230;2753
1230;2496
844;2503
724;215
1410;2505
1882;215
507;2545
1398;2947
1192;2401
2205;2505
1283;2539
1283;254
2292;2843
1247;2817
1247;2496
1303;2713
2106;1381
2106;2559
2358;2505
2394;1382
2101;2616
2291;2504
1404;29
1683;2502
1480;2506
435;258
1738;1223
343;2544
1414;2506
2147;215
1612;2653
1795;2504
795;2515
795;2496
2186;2505
461;2537
2101;2572
727;2957
1011;215
495;2508
1470;2546
1470;2547
1211;2504
2430;2548
2099;258
1154;2927
1398;2719
2394;1382
1192;2501
2101;2584
1566;2539
1566;254
795;2727
1008;2502
2101;82
1338;2545
684;1381
684;2497
684;25
1791;2505
681;2495
681;2496
681;2497
2078;2521
889;2504
2101;2548
296;2505
1480;2574
2334;2545
2292;2958
2272;2503
2101;2504
1561;2505
1470;2629
1686;2495
1686;2496
1686;2497
1470;274
1821;2634
1067;1202
2491;258
1742;215
166;2595
1163;2544
1690;258
343;2652
599;2503
284;2505
2394;1382
1318;2506
521;2708
1210;2578
2411;2505
2051;1143
1686;1545
1686;2514
1210;2589
1210;2497
461;265
1247;735
628;2537
349;215
976;2501
2223;2502
1414;2959
1210;215
1398;29
684;2504
1011;215
166;1223
166;1223
166;2619
166;262
166;2621
166;2622
487;2513
1210;2401
1210;258
937;2505
1992;2169
1103;336
1103;296
1103;2961
487;1545
487;2514
2292;2616
2292;1223
976;258
1398;778
1210;258
1502;735
464;2505
320;2503
2393;258
2225;1381
2225;2497
2225;25
1751;2505
1686;908
2319;2813
483;2597
1398;1202
2072;2596
2265;258
321;2531
2330;679
1210;2589
231;261
1612;735
1446;2548
1398;2317
992;2778
343;2863
799;2505
2152;2505
1398;459
739;2495
739;2496
739;2497
684;2915
737;1906
396;2558
890;2962
487;2504
1671;679
1566;2056
1248;2501
1934;1382
1398;587
92;2545
2106;2506
1938;2505
298;2501
2349;258
487;2542
2484;2635
1724;2504
580;679
336;1103
336;296
336;2961
1735;258
550;2501
1048;2546
1048;2547
1161;2169
2002;2502
572;679
767;2558
1793;258
1210;267
1210;2496
206;2599
1966;2882
2106;2676
166;2515
166;2496
1147;2504
2241;2504
1402;2531
1231;2504
1210;2769
8;2963
8;2964
8;2925
1456;2591
1424;258
2022;215
166;2545
1581;2504
1210;2965
554;2544
320;1545
320;2514
1379;2522
1379;2523
1379;2524
1379;2525
1379;2526
206;2552
1687;1223
868;2966
868;2966
1410;2504
2395;2575
355;2575
1379;2634
2237;2544
2356;2946
1330;2575
653;2574
118;2558
1749;2615
1950;2505
178;2502
1140;2522
1140;2523
1140;2524
1140;2525
1140;2526
1350;2531
2275;2499
1850;215
853;2592
1984;2505
2373;479
1150;2737
1048;2629
681;215
1729;2496
1411;2539
1411;254
1842;2967
1842;2525
514;2504
1502;2575
2442;2545
2275;2506
397;2504
1210;2521
385;258
2155;2504
1621;908
1571;2501
1034;114
1962;2504
238;137
1627;1672
2286;2515
2286;2496
813;215
2106;2574
1571;2504
775;2505
2014;2951
2286;2401
568;215
68;2505
1643;2504
1407;2575
1917;2522
1917;2523
1917;2524
1917;2525
1917;2526
2467;2504
2394;259
2394;2811
1391;2741
2194;2505
1196;2572
777;2505
1707;2545
1757;1223
661;2505
1937;2531
1210;2531
2454;1382
937;2727
1978;2575
681;2501
37;2505
1502;2614
1210;2594
1210;2559
1210;2774
459;215
1051;2505
1433;2882
1210;2517
861;2552
1140;2502
1210;2589
1282;2401
1210;2505
1069;2513
2484;679
674;2503
1637;2515
1637;2496
423;2505
1918;2968
1918;2969
1681;1545
1765;1381
1765;2559
1713;2504
2461;2541
1801;2401
1899;2519
1899;252
2292;297
2051;215
776;2572
1270;2545
1490;2507
95;2513
2082;2535
2082;2496
2082;2514
1105;2505
1277;2531
95;2515
95;2496
1719;2506
95;2813
361;2056
95;2537
1270;2506
2106;2503
2030;2548
2394;2517
949;1545
1392;1223
1985;2577
1156;2504
2489;2505
1259;2545
1154;2525
863;215
2363;2541
1422;215
1419;2504
962;2637
962;2603
1304;2505
1588;1382
1259;2513
1468;2515
1468;2496
118;2599
1185;2505
1899;697
1899;2971
1899;2555
1899;2526
1899;2554
1899;2972
1899;2905
1899;2501
1899;2838
1899;2723
1899;2973
1899;2974
1899;2975
1899;2976
1899;296
1196;2401
254;2531
73;557
1027;2504
1331;2506
271;2544
1411;1143
459;2574
2091;215
1468;2574
1011;215
1011;2886
728;2667
1337;2507
1161;2504
2243;1529
2243;2893
633;2599
1834;2977
1834;2603
1834;2964
1834;2925
1834;2978
1834;2824
1834;2768
1834;2945
1834;2675
1617;1381
1617;2497
1617;25
1698;215
2111;215
2030;2727
2010;2573
1819;258
2278;2979
2278;2495
2278;831
2278;821
2278;298
621;2505
1402;215
2111;215
2111;2774
2111;2524
2111;2981
1060;2548
1398;2537
2141;258
553;215
2474;2589
2474;2497
285;215
2329;215
1836;2548
1398;2754
1393;1223
1393;2514
1393;2762
1393;2763
250;2877
1468;2503
2260;2505
2252;2504
1765;2727
309;2637
309;2603
282;215
21;215
21;2514
261;2636
1997;2336
1490;215
2312;2505
1376;2531
1629;2504
668;2502
924;2823
