emisor;receptor;si
1362;2558;0
751;1223;0
1580;2503;0
1678;2497;0
1759;2496;0
1763;2506;0
2377;2533;0
1559;2594;0
1752;145;0
1877;2505;0
1261;2646;0
2043;2513;0
103;2541;0
1664;2517;0
2323;2559;0
1641;2504;0
332;2641;0
1311;2505;0
1210;2401;0
728;2667;0
2243;1529;0
287;2505;0
751;262;0
533;2544;0
2483;2504;0
689;2496;0
1341;1545;0
716;2494;0
1559;2774;0
2294;913;0
2410;2515;0
1570;2505;0
1398;2603;0
212;252;0
1590;2505;0
1241;2505;0
932;2845;0
332;2643;0
659;258;0
937;2505;0
1161;2504;0
668;2502;0
1828;258;0
751;2622;0
410;1382;0
1488;2496;0
1576;2514;0
123;2505;0
1734;2494;0
2122;2505;0
765;2572;0
865;2506;0
1195;601;0
50;913;0
548;2532;0
1095;2502;0
1907;1223;0
1955;2524;0
332;2644;0
647;2524;0
1103;336;0
2243;2893;0
924;2823;0
1070;1303;0
1070;1381;0
1070;2493;0
2046;2494;0
1762;2495;0
1762;2496;0
1762;2497;0
1292;2498;0
1628;2499;0
1381;2497;0
1381;25;0
137;2501;0
673;684;0
673;2502;0
876;2503;0
2104;215;0
1712;2504;0
368;2505;0
1171;2505;0
1432;2505;0
2321;2506;0
1451;1075;0
997;2505;0
566;2502;0
1876;2507;0
820;2008;0
820;2508;0
2102;2505;0
792;1455;0
2051;2509;0
1551;2505;0
1127;251;0
1127;2511;0
360;1455;0
1848;2512;0
876;1223;0
1809;215;0
1238;2505;0
468;2502;0
85;679;0
792;2513;0
897;1736;0
897;2514;0
876;2515;0
876;2496;0
871;2504;0
1646;2516;0
1214;1382;0
819;2517;0
678;2518;0
2088;2504;0
873;2501;0
876;82;0
678;2008;0
2441;2519;0
2441;252;0
1872;2501;0
605;2501;0
1184;2521;0
690;2522;0
690;2523;0
690;2524;0
690;2525;0
690;2526;0
1762;2527;0
1762;2528;0
1115;2529;0
1115;2525;0
2287;2506;0
1867;253;0
1403;2531;0
1009;2056;0
856;821;0
856;2532;0
856;548;0
856;2533;0
856;2534;0
876;2506;0
678;2535;0
678;2496;0
678;2514;0
14;2505;0
1123;679;0
444;2536;0
2478;2537;0
950;2502;0
678;1382;0
1504;2505;0
856;2538;0
856;821;0
856;2532;0
856;548;0
856;2533;0
856;2534;0
2331;2502;0
2061;1382;0
1037;2539;0
1037;254;0
477;2505;0
1336;2541;0
678;2542;0
94;2008;0
1586;2501;0
678;2543;0
199;2544;0
2459;2545;0
1528;215;0
2202;2505;0
455;2546;0
455;2547;0
455;2504;0
255;2548;0
1628;2545;0
1381;1075;0
1152;2549;0
1091;2505;0
1186;2504;0
1848;215;0
1627;515;0
2369;2502;0
2220;2502;0
1627;1781;0
133;2504;0
105;255;0
2287;2503;0
408;1382;0
2213;2551;0
1627;635;0
833;2508;0
89;2502;0
979;2552;0
1796;2536;0
1186;2553;0
1186;2554;0
1186;2526;0
1186;2555;0
1186;2524;0
1186;2556;0
1186;2557;0
1183;2505;0
529;114;0
448;2545;0
663;2504;0
2371;2558;0
63;2505;0
2488;1223;0
425;1382;0
1358;1381;0
1358;2559;0
184;1382;0
15;256;0
15;2561;0
15;2562;0
15;2563;0
15;2564;0
15;2565;0
15;2566;0
15;2567;0
15;2568;0
15;2569;0
15;257;0
15;1219;0
1832;82;0
378;2495;0
378;2496;0
378;2497;0
1919;2504;0
781;2504;0
678;2571;0
560;2552;0
1646;2008;0
1420;2504;0
2151;2572;0
314;2501;0
67;1382;0
67;1382;0
2416;2573;0
642;2522;0
642;2523;0
642;2524;0
642;2525;0
642;2526;0
1068;2574;0
314;2575;0
67;1381;0
67;2559;0
1785;2505;0
939;1545;0
939;2514;0
665;1545;0
665;2514;0
2476;2505;0
481;2558;0
2232;2498;0
602;2502;0
2392;2503;0
1481;679;0
67;2576;0
2452;2552;0
620;913;0
581;2506;0
67;2394;0
1920;1545;0
1920;2514;0
894;1115;0
894;2525;0
1165;2056;0
1091;2577;0
1627;1824;0
998;2578;0
2026;2575;0
1390;2502;0
67;1223;0
753;2506;0
1506;2507;0
189;2513;0
294;2513;0
989;2579;0
1153;2536;0
1375;2502;0
23;258;0
1776;2515;0
1776;2496;0
2343;1223;0
1734;2581;0
1084;2498;0
471;2505;0
1627;948;0
1627;2514;0
1627;2582;0
2135;2583;0
513;2504;0
712;2584;0
1708;2505;0
1774;2545;0
2372;316;0
2372;2514;0
1455;2575;0
2202;2544;0
2441;2505;0
598;2506;0
1774;2585;0
918;1955;0
195;2008;0
1028;2552;0
1599;2578;0
874;2506;0
2242;2505;0
1455;215;0
2453;2505;0
1028;913;0
833;2541;0
2176;2504;0
669;1564;0
1955;344;0
1955;2496;0
1955;2586;0
1955;2587;0
1955;2588;0
2085;2589;0
604;2545;0
2064;2522;0
2064;2523;0
2064;2524;0
2064;2525;0
2064;2526;0
67;259;0
1675;2508;0
710;2506;0
48;2513;0
987;2591;0
678;1381;0
678;2559;0
294;82;0
203;2506;0
894;2592;0
2289;2545;0
67;2545;0
1955;1314;0
1913;1382;0
105;2505;0
678;215;0
678;2514;0
590;731;0
888;2536;0
551;2531;0
211;258;0
663;2572;0
503;2548;0
171;258;0
678;2593;0
2085;2008;0
716;82;0
183;2008;0
2283;2508;0
1416;2594;0
1416;2559;0
1416;2525;0
1451;1382;0
2033;2595;0
128;2596;0
1920;2513;0
894;2597;0
1753;2598;0
1268;2595;0
597;2541;0
1674;2505;0
598;2513;0
995;1382;0
1390;2583;0
2250;2542;0
226;2545;0
225;1382;0
2449;2503;0
1755;2515;0
1755;2496;0
822;2599;0
678;26;0
4;2502;0
832;2504;0
651;1382;0
388;684;0
2135;2522;0
2135;2523;0
2135;2524;0
2135;2525;0
2135;2526;0
1792;316;0
1792;2514;0
663;2584;0
1290;2572;0
2476;258;0
919;2515;0
919;2496;0
678;2601;0
1292;2505;0
75;1382;0
2469;2544;0
2320;2508;0
1305;416;0
443;2506;0
2153;2515;0
2153;2496;0
1152;258;0
1586;2602;0
1586;2603;0
269;2545;0
348;2604;0
346;2505;0
145;2501;0
1444;2531;0
781;2575;0
194;1738;0
1612;2605;0
1760;2503;0
1640;913;0
556;258;0
1255;2552;0
2202;2056;0
678;1381;0
678;2497;0
678;25;0
338;2505;0
1882;1223;0
1609;2522;0
1609;2523;0
1609;2524;0
1609;2525;0
1609;2526;0
2115;2505;0
867;2594;0
867;2606;0
148;1545;0
148;2514;0
1396;913;0
1640;2502;0
1654;2505;0
280;2607;0
678;2608;0
678;2609;0
708;2552;0
2409;1382;0
329;2504;0
655;2505;0
448;2501;0
1115;2525;0
884;261;0
1460;2611;0
1609;2612;0
894;2552;0
48;2613;0
2151;2506;0
1612;2056;0
1612;2603;0
1612;2514;0
1117;821;0
1117;2532;0
1117;548;0
1117;2533;0
1117;2534;0
532;1303;0
532;1381;0
532;2493;0
225;2513;0
470;215;0
945;2513;0
2451;2614;0
121;1455;0
2297;2504;0
225;2498;0
979;679;0
894;2522;0
894;2523;0
894;2524;0
894;2525;0
894;2526;0
2074;2515;0
2074;2496;0
1290;2584;0
1736;2514;0
116;1382;0
1145;1545;0
1145;2514;0
2451;2516;0
1524;2531;0
2266;2583;0
1523;2616;0
264;1381;0
264;2497;0
264;25;0
945;1381;0
945;2497;0
945;25;0
979;679;0
454;2505;0
989;2501;0
2007;316;0
2007;2514;0
1799;2504;0
948;2514;0
948;2582;0
1788;2294;0
1233;2541;0
1069;2617;0
458;1381;0
111;723;0
1290;82;0
2399;821;0
2399;2532;0
2399;548;0
2399;2533;0
2399;2534;0
678;2499;0
1240;2531;0
1626;2522;0
1626;2523;0
1626;2524;0
1626;2525;0
1626;2526;0
390;2545;0
2190;2505;0
2274;1382;0
2036;258;0
1920;258;0
805;2618;0
624;1303;0
624;1381;0
624;2493;0
2279;2505;0
751;1223;0
67;2572;0
264;2513;0
669;2605;0
1685;258;0
1885;2608;0
1885;2609;0
678;2623;0
678;2624;0
678;2625;0
678;2626;0
678;2627;0
747;2505;0
1679;2537;0
134;2504;0
803;2539;0
803;254;0
2128;2504;0
678;2628;0
2463;2522;0
2463;2523;0
2463;2524;0
2463;2525;0
2463;2526;0
624;2622;0
2143;1381;0
2143;2497;0
2143;25;0
1509;2502;0
604;2504;0
1499;2537;0
1515;258;0
116;2615;0
667;2629;0
649;2515;0
649;2496;0
678;2585;0
1087;258;0
421;2596;0
2333;2519;0
2333;252;0
535;2502;0
2143;2513;0
117;2506;0
624;1381;0
624;2559;0
1574;258;0
1837;2506;0
160;263;0
1134;2591;0
573;1382;0
446;2584;0
1290;2504;0
533;2539;0
533;254;0
624;2519;0
624;252;0
979;2597;0
2069;1303;0
2069;1381;0
2069;2493;0
129;2631;0
577;2607;0
1816;2597;0
1026;2541;0
1972;2505;0
624;2574;0
580;2632;0
134;2505;0
720;2503;0
574;1382;0
877;1688;0
877;2633;0
1345;2575;0
1697;1382;0
1172;2504;0
2327;2505;0
1525;1303;0
1525;1381;0
1525;2493;0
232;2537;0
17;1382;0
499;2634;0
2138;1382;0
708;2635;0
1635;1381;0
1635;2497;0
1635;25;0
446;2504;0
1226;1381;0
2282;1382;0
135;316;0
135;2514;0
1636;2636;0
2468;2503;0
426;2637;0
426;2603;0
2151;2539;0
2151;254;0
2047;82;0
446;2515;0
446;2496;0
223;2628;0
1456;679;0
633;2502;0
478;2541;0
1354;2505;0
71;1382;0
1667;2573;0
1945;2505;0
1884;2504;0
1831;2522;0
1831;2523;0
1831;2524;0
1831;2525;0
1831;2526;0
997;2504;0
2094;1381;0
1703;2589;0
1169;1382;0
1077;258;0
817;2638;0
2238;2539;0
2238;254;0
1169;2572;0
2451;2615;0
2315;1381;0
2315;2497;0
2315;25;0
1169;2639;0
948;2637;0
948;2603;0
1703;2579;0
746;1223;0
934;2522;0
934;2523;0
934;2524;0
934;2525;0
934;2526;0
1631;2628;0
348;2056;0
67;2574;0
810;2502;0
698;264;0
2290;2536;0
2290;2607;0
421;2548;0
134;2501;0
1169;1382;0
948;2502;0
1373;2549;0
409;2505;0
1589;601;0
1589;1195;0
1589;2641;0
1589;2642;0
1589;2643;0
1589;2501;0
1589;2644;0
1589;332;0
1187;2502;0
201;2505;0
948;2634;0
1987;2505;0
173;2056;0
2295;258;0
67;2537;0
1169;2503;0
1138;215;0
524;2504;0
511;416;0
1525;1381;0
1525;2497;0
1525;25;0
341;2545;0
948;2558;0
2265;2401;0
1525;1381;0
582;2645;0
279;255;0
2451;2056;0
2451;2524;0
924;125;0
1891;82;0
1711;2505;0
1087;2495;0
1087;2496;0
1087;2497;0
601;1195;0
601;2641;0
601;2642;0
601;2643;0
601;2501;0
601;2644;0
601;332;0
948;2522;0
948;2523;0
948;2524;0
948;2525;0
948;2526;0
989;2517;0
1472;2646;0
1472;2525;0
1324;1223;0
2026;2504;0
312;2506;0
130;2583;0
1115;2647;0
1610;1381;0
1610;2559;0
1870;453;0
1220;2505;0
1186;82;0
1324;2648;0
1126;2505;0
792;2585;0
328;2501;0
2181;1381;0
2181;2559;0
2077;2548;0
17;2503;0
577;2536;0
109;2597;0
558;2499;0
1344;2502;0
1227;2351;0
2313;2504;0
505;2649;0
377;2505;0
253;2504;0
558;684;0
1398;1223;0
2107;2541;0
802;2545;0
4;2573;0
817;1382;0
1525;1381;0
1525;2559;0
401;2505;0
1684;1382;0
558;2545;0
500;2505;0
2012;2638;0
1061;2505;0
1646;2505;0
1191;2504;0
1073;2544;0
1734;2501;0
205;635;0
1942;258;0
335;1381;0
335;2497;0
335;25;0
1898;265;0
470;2498;0
1224;1223;0
691;2502;0
558;1381;0
558;2559;0
979;2522;0
979;2523;0
979;2524;0
979;2525;0
979;2526;0
281;2583;0
219;2531;0
1627;1908;0
2347;2505;0
450;258;0
1702;2502;0
657;2574;0
831;2508;0
672;2616;0
958;98;0
1627;1062;0
2075;2505;0
2460;2503;0
379;735;0
678;1223;0
750;2506;0
1627;1965;0
201;2651;0
46;2652;0
870;2505;0
2110;2653;0
1528;2156;0
1528;2654;0
1528;2496;0
1528;2514;0
1528;2603;0
1528;2524;0
1440;2655;0
1294;2505;0
2406;258;0
2475;2542;0
651;2504;0
672;2515;0
672;2496;0
1784;2504;0
678;2656;0
678;2657;0
678;2514;0
232;723;0
2460;2503;0
139;2504;0
358;1382;0
558;2652;0
2110;1689;0
1488;2175;0
1488;2524;0
1488;2603;0
2091;2505;0
2137;2505;0
2133;2504;0
797;2658;0
797;2514;0
1986;684;0
1986;2502;0
1134;2632;0
2162;2659;0
2162;266;0
429;723;0
798;2056;0
358;2508;0
1585;2661;0
462;913;0
961;2502;0
2229;2655;0
450;2008;0
716;33;0
716;2496;0
1565;679;0
67;1143;0
679;811;0
973;679;0
67;2662;0
67;2524;0
67;2603;0
969;2663;0
357;2501;0
2438;2548;0
2475;2581;0
2032;2505;0
1476;2504;0
248;2504;0
953;679;0
1222;258;0
384;679;0
2038;2518;0
1558;2504;0
678;2596;0
1268;1115;0
1593;2517;0
157;2008;0
67;1143;0
678;2664;0
762;2585;0
1203;2505;0
1555;2581;0
154;2505;0
726;2505;0
384;811;0
374;679;0
84;2505;0
2486;2502;0
1741;2505;0
1780;2504;0
678;2595;0
862;2505;0
2451;2575;0
678;2665;0
1840;2226;0
1813;1081;0
67;574;0
67;2525;0
582;2666;0
2352;1382;0
715;2505;0
485;679;0
1927;2667;0
67;2668;0
877;735;0
2425;2612;0
418;2503;0
161;1223;0
800;2552;0
1497;2008;0
1115;2613;0
1114;2514;0
380;258;0
1627;996;0
25;2612;0
1800;735;0
1973;2506;0
800;2558;0
1721;2501;0
188;2574;0
353;2575;0
1442;258;0
2451;2669;0
1678;1381;0
157;2505;0
1316;2502;0
975;2636;0
1912;2508;0
774;267;0
774;2496;0
1093;2505;0
1733;2504;0
67;2671;0
190;2505;0
1540;25;0
67;1143;0
67;2671;0
67;2497;0
1484;929;0
1528;1081;0
1439;2501;0
810;2634;0
2230;2672;0
774;732;0
1658;2518;0
497;2544;0
387;2573;0
240;2634;0
1725;2505;0
1576;407;0
1576;2514;0
812;2501;0
989;2519;0
989;252;0
210;2504;0
1798;2515;0
1798;2496;0
1951;2507;0
2460;2515;0
2460;2496;0
307;2595;0
145;2537;0
1380;2505;0
536;1223;0
1931;2505;0
317;2503;0
240;2552;0
2156;2654;0
2156;2496;0
2156;2514;0
2156;2603;0
2156;2524;0
1425;2673;0
1627;2278;0
1627;2674;0
1627;2675;0
1222;2505;0
875;735;0
2059;2676;0
957;2505;0
1425;731;0
383;2505;0
126;2573;0
1434;2504;0
1162;2513;0
331;2572;0
774;2515;0
774;2496;0
1456;316;0
1456;2514;0
1718;2505;0
344;2496;0
344;2586;0
344;2587;0
344;2588;0
757;679;0
1936;1911;0
812;1545;0
917;2501;0
2108;2677;0
1668;2636;0
2276;2507;0
1655;908;0
716;2546;0
716;2547;0
76;2678;0
76;2679;0
2437;1564;0
965;679;0
1107;2519;0
1107;252;0
1148;913;0
2451;2501;0
1876;1741;0
450;2539;0
450;254;0
1077;2175;0
1077;2524;0
1077;2603;0
1493;2634;0
979;2502;0
1780;2541;0
2471;268;0
1002;913;0
67;1143;0
394;2502;0
492;2552;0
157;2504;0
1703;2505;0
2417;258;0
675;2545;0
957;2504;0
67;1143;0
492;316;0
492;2514;0
536;2514;0
1522;821;0
1522;2514;0
1759;2515;0
2073;679;0
67;2512;0
1569;2056;0
1569;2524;0
1254;601;0
1254;1195;0
1254;2641;0
1254;2642;0
1254;2643;0
1254;2501;0
1254;2644;0
1254;332;0
2347;2501;0
96;931;0
67;1659;0
125;2506;0
2198;2522;0
2198;2523;0
2198;2524;0
2198;2525;0
2198;2526;0
67;2682;0
67;2496;0
2229;2506;0
2403;2504;0
2222;258;0
2301;258;0
67;2683;0
67;2533;0
67;821;0
1077;1381;0
1077;2497;0
1077;25;0
67;2684;0
161;2505;0
168;2544;0
2470;2537;0
15;2685;0
15;2686;0
15;258;0
15;2687;0
67;2688;0
1425;2591;0
1673;2545;0
1357;1736;0
1357;2514;0
1077;2507;0
1808;2573;0
1718;1955;0
2262;7;0
2390;2505;0
1939;1058;0
1794;2514;0
1885;2572;0
1228;821;0
1228;2532;0
1228;548;0
1228;2533;0
1228;2534;0
1022;2505;0
1406;2504;0
1603;2581;0
486;2545;0
145;2545;0
2100;2505;0
2441;814;0
13;1081;0
2262;2612;0
1673;2504;0
928;2589;0
928;2589;0
928;2497;0
928;2545;0
291;2544;0
2441;729;0
2441;2514;0
2262;2634;0
2301;125;0
2441;908;0
1627;182;0
637;1081;0
678;684;0
1177;2506;0
2023;258;0
29;2552;0
2251;1736;0
2251;2514;0
70;1143;0
1174;258;0
98;679;0
1082;1081;0
275;2505;0
1531;2505;0
2262;2583;0
276;2552;0
276;2573;0
1458;2574;0
2055;679;0
1229;258;0
2466;2175;0
2466;2524;0
2466;2603;0
1346;679;0
616;2503;0
678;2622;0
588;2008;0
1032;2513;0
1210;2689;0
1210;2514;0
2262;2552;0
1364;269;0
704;2691;0
704;2604;0
706;2504;0
1210;2692;0
2441;1769;0
289;2639;0
1003;2498;0
1355;2504;0
1007;679;0
2196;1382;0
2262;2558;0
1097;2693;0
932;1053;0
1496;2513;0
687;2531;0
2466;2169;0
1357;2505;0
2441;1058;0
1595;2694;0
1595;2695;0
2262;2552;0
1193;2542;0
1789;2502;0
1513;2505;0
678;2537;0
2028;2589;0
15;2696;0
15;258;0
2441;1058;0
1174;258;0
552;2502;0
1326;2505;0
1754;2505;0
46;2632;0
2055;679;0
678;2506;0
270;2575;0
1458;2515;0
1458;2496;0
76;2008;0
1104;1381;0
1104;2497;0
1104;25;0
773;2503;0
1614;2599;0
246;316;0
246;2514;0
1458;2663;0
2262;2502;0
2282;2506;0
67;1143;0
2429;2673;0
2441;559;0
1458;2504;0
2145;2599;0
2147;1081;0
55;2513;0
136;684;0
1130;2505;0
1779;258;0
627;931;0
1746;2505;0
1627;2294;0
1703;258;0
2441;185;0
895;913;0
450;2652;0
1301;2504;0
1627;679;0
1786;2672;0
644;2508;0
630;2552;0
1939;684;0
1939;2502;0
2441;1557;0
1947;2546;0
1947;2547;0
932;137;0
1477;258;0
1605;1381;0
1605;2497;0
1605;25;0
56;679;0
400;2612;0
1458;2503;0
194;581;0
194;2555;0
194;2697;0
194;71;0
194;2698;0
194;2699;0
194;27;0
194;2701;0
194;2702;0
194;2703;0
618;2531;0
2032;125;0
1947;2548;0
1109;2502;0
1456;2552;0
2249;2506;0
2032;684;0
2032;2502;0
474;2505;0
1605;2504;0
2405;2522;0
2405;2523;0
2405;2524;0
2405;2525;0
2405;2526;0
1380;1382;0
1844;2505;0
145;1081;0
1829;258;0
1310;2704;0
1355;2705;0
2441;82;0
2184;2522;0
2184;2523;0
2184;2524;0
2184;2525;0
2184;2526;0
356;2508;0
98;913;0
2170;2501;0
2405;2502;0
52;2505;0
574;2537;0
2448;85;0
2448;2706;0
967;2505;0
1035;215;0
1723;258;0
46;82;0
1844;1075;0
785;2634;0
2174;1223;0
932;1309;0
1822;2505;0
1237;2573;0
678;2676;0
2441;228;0
476;2056;0
1485;1381;0
1485;2497;0
1485;25;0
1394;735;0
1627;913;0
2080;2515;0
2080;2496;0
678;2707;0
2441;2076;0
1969;2505;0
697;2589;0
2196;931;0
1851;2504;0
1640;679;0
1734;2708;0
1349;2505;0
2481;2501;0
989;2508;0
738;2504;0
2387;2709;0
536;82;0
2229;2574;0
678;2546;0
678;2547;0
2441;125;0
2074;1081;0
185;2542;0
49;2505;0
2353;2501;0
1208;2505;0
2251;2515;0
2251;2496;0
1825;2545;0
2108;2552;0
2441;684;0
2441;2502;0
1597;2505;0
2238;2503;0
1639;2504;0
2090;258;0
2189;2494;0
11;679;0
1209;215;0
1209;271;0
67;1291;0
1628;2504;0
678;2672;0
1063;2515;0
1063;2496;0
1484;2506;0
1074;2522;0
1074;2523;0
1074;2524;0
1074;2525;0
1074;2526;0
1263;2105;0
1263;2524;0
1474;2544;0
2451;2711;0
1703;2504;0
2029;2105;0
2029;2524;0
2457;2505;0
1401;601;0
1401;1195;0
1401;2641;0
1401;2642;0
1401;2643;0
1401;2501;0
1401;2644;0
1401;332;0
2197;2599;0
1209;2712;0
648;2515;0
648;2496;0
1696;2008;0
140;2503;0
648;2506;0
1710;2498;0
1900;258;0
648;2545;0
678;2548;0
781;2513;0
684;2502;0
1868;2573;0
2206;2175;0
2206;2524;0
2206;2603;0
1961;2595;0
1430;2539;0
1430;254;0
1787;2505;0
678;2504;0
732;2505;0
2253;1864;0
1703;2539;0
1703;254;0
536;1382;0
1710;2505;0
1200;2552;0
789;82;0
86;2502;0
406;2505;0
678;2515;0
678;2496;0
1961;2537;0
2466;2505;0
2215;913;0
188;258;0
1484;2539;0
1484;254;0
932;82;0
1661;2585;0
1961;2713;0
1078;559;0
363;2504;0
2272;2537;0
2342;2574;0
827;2505;0
1693;258;0
1806;2663;0
1341;2572;0
2003;2505;0
838;2505;0
1961;1223;0
295;2536;0
295;2607;0
789;2504;0
2441;684;0
132;2505;0
1568;1058;0
2301;2505;0
1371;259;0
1430;2501;0
451;2715;0
13;145;0
2482;2552;0
1855;2573;0
2193;2572;0
450;33;0
450;2496;0
2013;684;0
684;2503;0
53;2522;0
53;2523;0
53;2524;0
53;2525;0
53;2526;0
2140;2574;0
33;2539;0
33;254;0
192;2581;0
1239;2505;0
2231;2612;0
1258;2504;0
1543;258;0
769;2574;0
1200;2502;0
1210;2716;0
571;2717;0
1572;2558;0
2173;2008;0
1116;2575;0
131;2505;0
1430;1382;0
1692;258;0
578;2718;0
2193;2719;0
619;2504;0
1942;2008;0
1204;2634;0
1160;2622;0
542;1357;0
1892;2552;0
789;1382;0
231;2498;0
816;2672;0
837;2501;0
1587;272;0
1587;2721;0
1587;2722;0
1587;2503;0
1587;2723;0
1587;2724;0
1587;2725;0
1587;2675;0
370;2401;0
2221;469;0
67;2726;0
67;2514;0
881;2519;0
881;252;0
719;1382;0
2257;2536;0
2211;215;0
2079;258;0
654;2589;0
2042;2505;0
67;2712;0
122;2652;0
2193;2727;0
170;2531;0
1355;258;0
1991;2558;0
774;1382;0
1210;2572;0
584;1736;0
584;2514;0
983;2505;0
101;2631;0
78;2401;0
1677;82;0
1210;2544;0
122;2545;0
774;2616;0
319;2502;0
882;879;0
30;2575;0
2397;1381;0
2397;2559;0
1869;913;0
1012;2637;0
1012;2603;0
1033;2713;0
581;2555;0
581;2697;0
581;71;0
581;2698;0
581;2699;0
581;27;0
581;2701;0
581;2702;0
581;2703;0
1519;2708;0
654;1545;0
654;2514;0
1271;2502;0
528;2552;0
1128;2169;0
2204;931;0
860;2728;0
103;2579;0
680;2505;0
1120;2729;0
1120;273;0
1120;2731;0
1120;2496;0
2193;82;0
1976;2505;0
1620;2505;0
1412;2552;0
27;2505;0
808;2505;0
2189;2548;0
1693;2504;0
2227;2505;0
369;2522;0
369;2523;0
369;2524;0
369;2525;0
369;2526;0
2257;2536;0
2257;2607;0
1548;2635;0
2284;679;0
932;35;0
1720;2522;0
1720;2523;0
1720;2524;0
1720;2525;0
1720;2526;0
2108;2552;0
1458;2732;0
1458;2524;0
1458;2733;0
1458;2734;0
1458;2735;0
2257;2536;0
2257;2604;0
2342;258;0
1020;258;0
1250;2504;0
921;2008;0
2221;679;0
273;2515;0
273;2496;0
915;2546;0
915;2547;0
725;2631;0
76;2503;0
2282;1382;0
1263;2571;0
1250;82;0
941;2634;0
932;1121;0
932;2506;0
932;2736;0
1016;2599;0
2189;2544;0
2191;2502;0
1458;2616;0
1458;1223;0
1394;1303;0
1394;1381;0
1394;2493;0
1355;258;0
1883;2572;0
592;1382;0
678;2574;0
539;2536;0
798;2638;0
860;2505;0
1166;2506;0
2191;2583;0
2013;2737;0
536;2738;0
318;735;0
1101;258;0
2381;2506;0
151;2739;0
2000;2501;0
578;2572;0
490;416;0
325;274;0
638;258;0
1550;2502;0
381;2505;0
2342;2545;0
318;2614;0
1348;1911;0
1777;2539;0
1777;254;0
124;2531;0
536;2008;0
1117;931;0
932;2404;0
30;2655;0
2093;2505;0
36;2505;0
490;2502;0
245;2505;0
1094;1381;0
1094;2497;0
1094;25;0
2287;2741;0
2066;931;0
899;2008;0
315;2612;0
843;2638;0
2438;215;0
1853;2505;0
1210;2742;0
1210;2743;0
1210;2744;0
406;2506;0
1677;2727;0
1883;2504;0
120;2502;0
1512;2657;0
2049;2615;0
835;2505;0
307;2517;0
932;908;0
899;1864;0
892;2596;0
932;461;0
819;1382;0
2029;908;0
101;2517;0
2441;461;0
2441;2574;0
2336;2745;0
2336;2497;0
1949;2519;0
1949;252;0
1128;2507;0
1893;1223;0
122;258;0
292;2506;0
122;1689;0
2049;1564;0
932;412;0
1811;2517;0
536;2595;0
1120;2589;0
1120;2497;0
932;628;0
1000;2599;0
122;2508;0
2096;2505;0
1618;879;0
2164;2505;0
433;2572;0
1879;2506;0
1415;2505;0
121;2056;0
121;2524;0
702;2505;0
1418;2504;0
1547;931;0
1512;2669;0
344;2504;0
678;2746;0
104;2708;0
774;215;0
53;2558;0
678;2597;0
1846;2541;0
1019;82;0
1921;2599;0
1876;2056;0
1033;2518;0
1110;2747;0
1110;2496;0
932;908;0
932;2748;0
1405;2508;0
2301;2008;0
2270;2597;0
1905;82;0
1782;2505;0
1512;2749;0
2144;275;0
1946;2571;0
307;2507;0
247;2531;0
1777;2505;0
1260;2505;0
932;1911;0
169;2515;0
169;2496;0
2183;1382;0
952;2537;0
1650;2505;0
669;2494;0
2081;2505;0
1021;215;0
307;2542;0
2221;2552;0
1242;2517;0
713;2504;0
989;1223;0
989;1223;0
989;2619;0
989;262;0
989;2621;0
989;2622;0
1615;879;0
230;2505;0
1377;2504;0
614;2522;0
614;2523;0
614;2524;0
614;2525;0
614;2526;0
235;601;0
235;1195;0
235;2641;0
235;2642;0
235;2643;0
235;2501;0
235;2644;0
235;332;0
769;2751;0
769;2752;0
769;2753;0
769;2496;0
1954;2504;0
2065;258;0
2156;2504;0
1377;1545;0
1377;2514;0
76;2505;0
660;2681;0
660;2496;0
932;931;0
1015;913;0
2049;1381;0
2049;2559;0
180;2505;0
802;258;0
829;913;0
281;679;0
770;2754;0
1489;2522;0
1489;2523;0
1489;2524;0
1489;2525;0
1489;2526;0
1682;2506;0
1137;2572;0
103;2515;0
103;2496;0
856;679;0
1047;258;0
2326;2502;0
2049;1381;0
843;601;0
843;1195;0
843;2641;0
843;2642;0
843;2643;0
843;2501;0
843;2644;0
843;332;0
798;2544;0
2108;2612;0
58;1143;0
678;2727;0
1583;2502;0
1137;2504;0
2016;1382;0
30;2501;0
1297;2502;0
1983;258;0
932;1688;0
932;2633;0
1827;1223;0
1482;2505;0
108;215;0
127;2505;0
433;2504;0
678;2616;0
2183;1143;0
932;145;0
26;2508;0
2057;1223;0
1680;931;0
220;2502;0
1030;2545;0
1863;2503;0
1363;2501;0
2301;1382;0
611;2505;0
307;2657;0
1024;2755;0
1024;2756;0
1024;1593;0
1024;2757;0
1024;2555;0
1024;2758;0
1644;2635;0
1106;2759;0
932;33;0
932;2496;0
175;2754;0
39;2501;0
819;1545;0
819;2514;0
1020;2505;0
1483;1223;0
1285;2548;0
1429;913;0
908;265;0
2239;2503;0
1256;2506;0
848;276;0
1024;2501;0
2322;2504;0
591;1382;0
2345;2505;0
1047;258;0
433;2545;0
1557;2727;0
373;2504;0
281;2637;0
281;2603;0
541;2737;0
1861;684;0
536;1114;0
536;2514;0
972;215;0
932;1955;0
420;679;0
669;1143;0
989;2761;0
784;2505;0
768;2505;0
626;2505;0
1364;2501;0
217;82;0
433;1223;0
1958;2537;0
932;1613;0
932;2496;0
344;2537;0
301;2506;0
774;1223;0
774;2514;0
774;2762;0
774;2763;0
2298;104;0
1023;2505;0
1058;735;0
932;2109;0
2253;908;0
819;298;0
744;258;0
1458;2628;0
2313;2505;0
678;2572;0
1165;258;0
167;2505;0
2455;2545;0
2301;2494;0
1817;2764;0
1817;2765;0
856;2637;0
856;2603;0
2208;2505;0
1373;2519;0
1373;252;0
1079;2505;0
2339;2505;0
913;2766;0
322;2636;0
678;2584;0
1853;2595;0
121;2575;0
2433;2504;0
986;2767;0
986;2514;0
986;2768;0
1340;2504;0
928;2539;0
928;254;0
2122;258;0
292;2545;0
1210;2769;0
909;2637;0
909;2603;0
1012;2599;0
176;215;0
1736;2514;0
1691;2552;0
1253;2505;0
324;913;0
126;913;0
1286;2505;0
1103;913;0
545;2505;0
1701;1665;0
2104;2544;0
212;2008;0
212;2603;0
2126;2637;0
2126;2603;0
1121;277;0
914;2539;0
914;254;0
1701;1665;0
834;2504;0
686;2179;0
41;601;0
41;1195;0
41;2641;0
41;2642;0
41;2643;0
41;2501;0
41;2644;0
41;332;0
450;1291;0
97;2505;0
966;2401;0
165;2501;0
407;2514;0
732;2501;0
1198;2504;0
212;1381;0
212;2497;0
212;25;0
324;2552;0
857;1223;0
1058;2518;0
1647;2522;0
1647;2523;0
1647;2524;0
1647;2525;0
1647;2526;0
703;913;0
1055;2636;0
1321;2502;0
1302;2545;0
47;2505;0
859;1382;0
1677;879;0
534;2634;0
1108;2505;0
536;1309;0
292;2504;0
1296;259;0
433;1075;0
1067;1223;0
1067;1223;0
1067;2619;0
1067;262;0
1067;2621;0
1067;2622;0
534;2502;0
300;536;0
300;2771;0
1296;2505;0
146;2505;0
10;2505;0
1257;931;0
908;2748;0
891;258;0
1940;2504;0
2048;601;0
2048;1195;0
2048;2641;0
2048;2642;0
2048;2643;0
2048;2501;0
2048;2644;0
2048;332;0
593;2575;0
185;2507;0
1909;2505;0
1503;2008;0
1886;2507;0
947;2513;0
815;258;0
3;723;0
218;2502;0
1121;2506;0
1121;2736;0
1652;215;0
1067;1545;0
1067;2514;0
2267;2502;0
1179;2542;0
1275;2536;0
1275;2607;0
2377;821;0
2377;2532;0
2377;548;0
989;2608;0
989;2575;0
979;2772;0
979;2773;0
536;729;0
536;2514;0
885;913;0
146;2504;0
1541;2599;0
1343;2552;0
685;2522;0
685;2523;0
685;2524;0
685;2525;0
685;2526;0
925;2504;0
2439;2545;0
840;2179;0
1601;2507;0
1734;2636;0
209;2513;0
26;2541;0
540;316;0
540;2514;0
1383;2552;0
2244;2505;0
1543;2505;0
547;1469;0
547;2603;0
547;2514;0
1141;2513;0
1197;1303;0
1197;1381;0
1197;2493;0
2277;2505;0
100;1382;0
936;2775;0
936;2734;0
936;2733;0
1342;2505;0
467;2505;0
1591;2776;0
1264;2519;0
1264;252;0
536;581;0
536;2777;0
209;2515;0
209;2496;0
1766;2531;0
1302;2707;0
1608;2574;0
2265;2506;0
1010;2502;0
977;2504;0
2103;2515;0
2103;2496;0
1306;2504;0
209;2504;0
536;1381;0
536;2559;0
1467;2574;0
2210;2508;0
2011;2505;0
1265;2505;0
1361;2544;0
209;601;0
209;1195;0
209;2641;0
209;2642;0
209;2643;0
209;2501;0
209;2644;0
209;332;0
545;2513;0
864;2505;0
774;2506;0
774;2778;0
654;2505;0
2431;2505;0
1910;2502;0
1244;2502;0
1467;2515;0
1467;2496;0
763;258;0
545;1545;0
545;2514;0
1438;2494;0
447;2552;0
1276;2056;0
700;2558;0
12;879;0
774;1303;0
774;1381;0
774;2493;0
1630;2501;0
545;1223;0
545;1223;0
545;2619;0
545;262;0
545;2621;0
545;2622;0
1274;2515;0
1274;2496;0
38;2504;0
300;2246;0
547;911;0
1752;1613;0
1752;2496;0
711;215;0
545;2574;0
2253;1382;0
106;2597;0
364;2505;0
536;2622;0
545;2504;0
216;1382;0
1467;1381;0
1467;2497;0
1467;25;0
989;2779;0
2466;2513;0
846;2577;0
1273;908;0
774;1075;0
517;182;0
1164;2505;0
583;2536;0
114;2545;0
1783;2505;0
1608;2548;0
2341;1223;0
91;601;0
91;1195;0
91;2641;0
91;2642;0
91;2643;0
91;2501;0
91;2644;0
91;332;0
654;2504;0
977;82;0
447;2634;0
1461;2727;0
685;2592;0
1752;87;0
1596;2537;0
696;2505;0
547;2505;0
752;258;0
1602;2542;0
1608;82;0
1111;2008;0
2212;2548;0
322;215;0
322;2514;0
88;258;0
1302;2574;0
2326;2583;0
1102;2501;0
1207;2574;0
2300;2504;0
1458;215;0
1830;2541;0
1953;278;0
450;2781;0
1576;2499;0
445;2597;0
1647;2612;0
2273;879;0
1159;2515;0
1159;2496;0
1859;879;0
527;2505;0
337;2575;0
398;2504;0
447;2677;0
1657;2634;0
1322;2545;0
1507;2589;0
1734;2505;0
1276;2504;0
1862;258;0
1033;2515;0
1033;2496;0
1273;2537;0
1495;2782;0
680;258;0
1041;879;0
1111;2544;0
2163;1545;0
2163;2514;0
116;2008;0
918;879;0
999;2505;0
1100;316;0
1100;2514;0
2183;2508;0
1955;879;0
2364;2572;0
2037;2537;0
1734;2545;0
1050;2401;0
908;1291;0
798;2548;0
569;2677;0
910;1382;0
562;2544;0
752;2537;0
774;2056;0
774;2524;0
1924;2505;0
1649;879;0
1554;2596;0
1212;2494;0
944;679;0
979;2783;0
1943;2784;0
932;2694;0
932;2695;0
2308;2503;0
2148;2545;0
1202;215;0
533;254;0
1806;601;0
1806;1195;0
1806;2641;0
1806;2642;0
1806;2643;0
1806;2501;0
1806;2644;0
1806;332;0
536;2513;0
1131;2008;0
153;215;0
908;2518;0
1505;879;0
922;1382;0
2304;258;0
932;2785;0
1427;2545;0
2308;2584;0
2148;2517;0
654;2607;0
2161;1381;0
2161;2497;0
2161;25;0
932;2786;0
1833;2594;0
1833;2559;0
1833;2774;0
654;215;0
908;2494;0
1533;2505;0
1217;931;0
1544;2506;0
2443;913;0
450;2494;0
2462;1075;0
208;2501;0
35;2633;0
35;2787;0
1619;2665;0
2308;82;0
1562;2754;0
814;2545;0
798;2754;0
593;2505;0
1459;2504;0
732;2495;0
732;2496;0
732;2497;0
479;778;0
26;2545;0
494;2505;0
569;2746;0
1251;2505;0
1369;2602;0
1369;2603;0
2306;2505;0
841;2505;0
729;2514;0
1353;2548;0
721;931;0
1461;2504;0
909;2522;0
909;2523;0
909;2524;0
909;2525;0
909;2526;0
1036;2589;0
518;931;0
1182;82;0
2024;1911;0
2008;2537;0
2364;82;0
786;2539;0
786;254;0
849;2505;0
1267;215;0
932;2788;0
932;2514;0
51;2522;0
51;2523;0
51;2524;0
51;2525;0
51;2526;0
22;215;0
2173;1075;0
236;2008;0
236;2603;0
288;2552;0
2295;1223;0
220;2597;0
2125;2505;0
798;2515;0
798;2496;0
2360;265;0
2415;2505;0
1734;258;0
1276;2501;0
141;2505;0
1734;2515;0
1734;2496;0
2008;2603;0
1441;2667;0
979;2635;0
1887;931;0
1849;2505;0
145;2638;0
2166;2544;0
1046;2536;0
669;2504;0
1175;1397;0
2210;2519;0
2210;252;0
2324;2505;0
742;2505;0
767;2522;0
767;2523;0
767;2524;0
767;2525;0
767;2526;0
1624;2634;0
1521;2401;0
221;2505;0
1046;2536;0
1046;2607;0
685;2634;0
669;1382;0
2335;2789;0
2441;2574;0
641;279;0
1995;601;0
1995;1195;0
1995;2641;0
1995;2642;0
1995;2643;0
1995;2501;0
1995;2644;0
1995;332;0
1039;2667;0
1607;2538;0
1607;821;0
1607;2532;0
1607;548;0
1607;2533;0
1607;2534;0
1734;1381;0
1734;2497;0
1734;25;0
1339;2791;0
1642;2504;0
1835;2505;0
1046;2536;0
1046;2604;0
2490;2501;0
979;913;0
1500;2548;0
1619;2589;0
2447;258;0
774;2628;0
1303;1381;0
1303;2497;0
1303;25;0
2287;2515;0
2287;2496;0
267;263;0
824;2008;0
237;2505;0
752;2505;0
2441;2652;0
296;33;0
296;2496;0
26;2504;0
676;2504;0
1246;931;0
2355;931;0
1288;2541;0
1508;2544;0
71;2615;0
420;2637;0
420;2603;0
1533;258;0
1451;2505;0
593;2008;0
1194;2505;0
32;2503;0
932;2792;0
303;2513;0
2112;2574;0
1803;2056;0
839;2056;0
1046;2536;0
930;279;0
610;2505;0
919;2519;0
919;252;0
2432;2515;0
2432;2496;0
1752;1469;0
1752;2603;0
1752;2514;0
2018;1382;0
2236;2401;0
1334;931;0
897;2793;0
1619;2794;0
1088;679;0
1335;931;0
2441;2616;0
669;1382;0
32;1223;0
771;2505;0
1063;1382;0
71;2793;0
1352;2795;0
1056;258;0
71;2636;0
1320;2504;0
613;679;0
2346;2796;0
2256;2708;0
1797;2501;0
919;2504;0
2323;274;0
978;2507;0
103;1382;0
652;931;0
2427;2505;0
1312;2575;0
450;2508;0
403;2505;0
639;2494;0
1498;82;0
1281;2505;0
216;2008;0
874;2539;0
874;254;0
932;2797;0
932;2798;0
1262;2504;0
1295;2505;0
237;2799;0
919;2501;0
1469;2603;0
1469;2514;0
1989;2708;0
2173;215;0
1307;2505;0
1352;258;0
2438;714;0
1612;1382;0
2269;2591;0
262;2545;0
631;2505;0
919;258;0
2173;601;0
2173;1195;0
2173;2641;0
2173;2642;0
2173;2643;0
2173;2501;0
2173;2644;0
2173;332;0
1612;2794;0
1611;931;0
262;2504;0
1398;2548;0
2142;2781;0
69;2537;0
403;2175;0
403;2524;0
403;2603;0
1734;33;0
1734;2496;0
2236;1223;0
259;2504;0
908;28;0
908;2801;0
954;2538;0
954;821;0
954;2532;0
954;548;0
954;2533;0
954;2534;0
1449;821;0
1449;2532;0
1449;548;0
1449;2533;0
1449;2534;0
1734;2008;0
1025;2109;0
909;2552;0
1454;2504;0
1752;2802;0
262;2515;0
262;2496;0
666;2803;0
337;2501;0
103;2494;0
1844;2541;0
2149;258;0
299;1545;0
299;2514;0
2034;2637;0
2034;2603;0
204;2607;0
2438;601;0
2438;1195;0
2438;2641;0
2438;2642;0
2438;2643;0
2438;2501;0
2438;2644;0
2438;332;0
1567;2575;0
1288;258;0
1748;2504;0
749;913;0
1388;2583;0
2052;2804;0
1006;2575;0
2121;2505;0
1343;2677;0
771;2504;0
734;2636;0
1475;2552;0
2067;2805;0
1752;2056;0
1306;2505;0
1835;2541;0
323;2494;0
2287;2539;0
2287;254;0
1201;2505;0
32;2546;0
32;2547;0
2112;2505;0
1805;2545;0
718;2622;0
932;2806;0
1649;1314;0
2114;2807;0
1398;2494;0
288;2552;0
1343;913;0
1619;1554;0
1619;2758;0
2441;1545;0
2441;2514;0
32;2574;0
1539;2518;0
1329;1143;0
1549;2541;0
669;2494;0
32;2537;0
363;258;0
2040;2504;0
874;1545;0
874;2514;0
1752;2531;0
930;2506;0
533;82;0
2250;1223;0
2441;2623;0
2441;2624;0
2441;2625;0
2441;2626;0
2441;2627;0
487;2008;0
536;2718;0
2365;2583;0
964;2628;0
2224;2501;0
2188;2504;0
932;2808;0
932;2524;0
932;2514;0
774;2501;0
1758;2592;0
1863;2508;0
2287;2504;0
99;2634;0
1323;601;0
1323;1195;0
1323;2641;0
1323;2642;0
1323;2643;0
1323;2501;0
1323;2644;0
1323;332;0
1167;1382;0
74;2505;0
1841;2519;0
1841;252;0
2479;931;0
1435;2544;0
2441;2713;0
902;2505;0
1660;2809;0
1660;2774;0
1660;2559;0
1660;2556;0
1897;601;0
1897;1195;0
1897;2641;0
1897;2642;0
1897;2643;0
1897;2501;0
1897;2644;0
1897;332;0
456;2505;0
182;2552;0
2441;2622;0
574;2615;0
2053;2616;0
932;281;0
32;2515;0
32;2496;0
2259;2521;0
1010;2634;0
2374;2515;0
2374;2496;0
2441;1223;0
506;2513;0
378;255;0
792;2578;0
414;2502;0
2053;2708;0
615;2505;0
1118;1223;0
2147;2505;0
774;2008;0
2374;259;0
2374;2811;0
761;2519;0
761;252;0
536;82;0
1170;1688;0
1170;2633;0
680;2575;0
2238;2517;0
2441;2499;0
932;2812;0
932;2276;0
296;2008;0
761;2504;0
1014;2616;0
1988;2505;0
1178;2515;0
1178;2496;0
792;2593;0
1526;2544;0
283;1545;0
283;2514;0
839;2504;0
1903;2813;0
2441;2546;0
2441;2547;0
456;2574;0
2063;2536;0
2063;2607;0
350;1382;0
1823;931;0
629;931;0
342;2672;0
1993;2546;0
1993;2547;0
1347;2505;0
2450;1659;0
1539;215;0
1335;2607;0
1445;2718;0
1325;2501;0
960;2506;0
1014;2548;0
1131;1381;0
1131;2497;0
1131;25;0
792;2517;0
2310;931;0
985;2522;0
985;2523;0
985;2524;0
985;2525;0
985;2526;0
2441;2537;0
1903;2506;0
299;1398;0
927;258;0
1791;2506;0
671;2504;0
1582;2056;0
1582;2524;0
1553;1224;0
1417;2494;0
202;2531;0
18;2814;0
2316;2504;0
2035;2583;0
991;2504;0
1539;2504;0
1996;2505;0
932;2716;0
536;2665;0
342;2515;0
342;2496;0
932;389;0
1993;2495;0
1993;2496;0
1993;2497;0
1066;2815;0
963;1545;0
963;2514;0
536;2537;0
2466;2508;0
1960;2505;0
852;316;0
852;2514;0
617;2634;0
1059;2504;0
80;312;0
1986;2816;0
2087;2506;0
1264;2505;0
1539;2574;0
1225;2515;0
1225;2496;0
2250;2781;0
984;2552;0
342;2506;0
2434;2507;0
2441;2504;0
1320;2505;0
608;2495;0
608;2496;0
608;2497;0
880;2536;0
1478;2552;0
807;679;0
2089;2572;0
241;2504;0
2173;1223;0
422;2604;0
536;2652;0
1600;104;0
225;2605;0
1058;2501;0
2207;2531;0
932;2669;0
66;215;0
66;2514;0
2146;2056;0
2441;2672;0
782;1545;0
782;2514;0
342;2513;0
2037;2504;0
1451;2506;0
2383;931;0
1435;2638;0
1925;2504;0
1451;1223;0
2441;2515;0
2441;2496;0
608;2751;0
608;2752;0
608;2753;0
608;2496;0
914;601;0
914;1195;0
914;2641;0
914;2642;0
914;2643;0
914;2501;0
914;2644;0
914;332;0
2323;2636;0
251;2504;0
366;265;0
1699;2544;0
574;1291;0
536;2503;0
2441;1223;0
2441;1223;0
2441;2619;0
2441;262;0
2441;2621;0
2441;2622;0
932;2817;0
932;2496;0
342;1223;0
342;1223;0
342;2619;0
342;262;0
342;2621;0
342;2622;0
2271;1223;0
960;2505;0
1956;2589;0
1956;2497;0
932;1115;0
932;2299;0
791;2631;0
1189;2727;0
212;2505;0
354;1381;0
354;2497;0
354;25;0
1967;2505;0
536;1545;0
536;2514;0
1425;2635;0
145;2506;0
851;2545;0
2380;2503;0
489;2737;0
2015;2504;0
536;1223;0
536;1223;0
536;2619;0
536;262;0
536;2621;0
536;2622;0
212;2518;0
2015;2542;0
116;2574;0
1428;2599;0
51;2552;0
536;2515;0
536;2496;0
2118;2505;0
2037;2545;0
1464;1223;0
1464;1223;0
1464;2619;0
1464;262;0
1464;2621;0
1464;2622;0
2372;2599;0
842;258;0
1168;2635;0
1043;2504;0
1791;2537;0
2394;2615;0
1812;2607;0
2402;2513;0
2314;679;0
422;2505;0
87;2781;0
61;2818;0
61;2603;0
61;2514;0
252;913;0
1999;258;0
932;2819;0
260;2589;0
2053;2505;0
2402;2505;0
2388;2754;0
1072;265;0
1464;2548;0
574;1223;0
807;2502;0
1451;1535;0
352;1223;0
1236;1223;0
1399;2638;0
1778;1143;0
1651;2536;0
1569;2498;0
804;82;0
830;2504;0
66;1381;0
66;2559;0
1146;2548;0
1956;1291;0
2293;2672;0
932;1564;0
932;282;0
1359;1075;0
1955;2544;0
1343;2552;0
990;2501;0
2159;2708;0
1632;679;0
1549;2505;0
794;2508;0
185;2504;0
1507;2504;0
2388;2505;0
530;1075;0
66;265;0
546;2574;0
960;2504;0
66;2595;0
465;2505;0
932;2821;0
932;2822;0
2372;2552;0
546;258;0
2084;2551;0
1492;1223;0
1492;2514;0
1492;2762;0
1492;2763;0
885;2502;0
989;2761;0
138;2505;0
2466;1689;0
791;2499;0
1398;2494;0
1664;2169;0
1613;2496;0
1625;2558;0
334;2502;0
162;2507;0
489;2823;0
1397;2056;0
1397;2524;0
463;2505;0
1195;2641;0
1195;2642;0
1195;2643;0
1195;2501;0
1195;2644;0
1195;332;0
1750;2595;0
6;2114;0
1114;2514;0
748;2504;0
1089;2504;0
1398;2781;0
2473;2573;0
580;2612;0
488;2544;0
73;2824;0
2130;2505;0
159;1382;0
498;2597;0
493;2825;0
493;2826;0
1155;215;0
932;2827;0
639;2503;0
252;1382;0
2278;2674;0
2278;2675;0
932;279;0
1001;258;0
316;2514;0
932;2614;0
589;2504;0
548;2533;0
548;2534;0
1916;828;0
679;913;0
2148;2521;0
2105;2524;0
1239;1223;0
1750;2504;0
874;215;0
740;2596;0
850;2706;0
1323;2531;0
365;931;0
1005;2505;0
1333;2505;0
932;1314;0
1923;2508;0
212;2008;0
932;2575;0
7;913;0
982;2498;0
914;1688;0
914;2633;0
1856;913;0
395;2501;0
2480;145;0
754;82;0
1516;931;0
585;2513;0
886;258;0
2323;82;0
1706;2505;0
1483;2008;0
1865;2545;0
923;2536;0
823;2581;0
2200;2599;0
932;2615;0
954;2502;0
2015;684;0
1479;2505;0
988;2515;0
988;2496;0
496;2544;0
326;2505;0
1451;2544;0
822;913;0
1098;2056;0
2323;2504;0
796;2589;0
859;2506;0
1666;33;0
1666;2496;0
754;2636;0
900;9;0
874;1382;0
252;2772;0
252;2773;0
2134;2637;0
2134;2603;0
1398;78;0
1092;2505;0
2148;2008;0
1293;2545;0
1518;258;0
1520;2615;0
1656;2495;0
1656;2496;0
1656;2497;0
2217;2544;0
1956;1303;0
1956;1381;0
1956;2493;0
2359;2056;0
2359;2524;0
1873;1381;0
1873;2559;0
1398;1291;0
1453;2505;0
1252;2545;0
1013;218;0
1013;2828;0
1013;2829;0
1807;2597;0
2380;2545;0
796;258;0
1542;215;0
1013;2589;0
2001;2772;0
2001;2773;0
964;2056;0
2020;2558;0
798;1381;0
798;2497;0
798;25;0
1747;215;0
2473;2522;0
2473;2523;0
2473;2524;0
2473;2525;0
2473;2526;0
585;2515;0
585;2496;0
2323;1381;0
1067;33;0
1067;2496;0
690;2552;0
908;2615;0
473;913;0
526;2581;0
1627;679;0
607;2508;0
1856;2612;0
1923;2655;0
1264;2575;0
821;2504;0
1744;145;0
908;2616;0
650;2505;0
213;2764;0
213;2765;0
340;2506;0
1083;2616;0
1856;2592;0
1398;33;0
1398;2496;0
929;2504;0
2367;2712;0
392;2501;0
2378;723;0
1923;258;0
2464;2708;0
1881;2575;0
1717;2575;0
932;128;0
932;283;0
932;2831;0
932;2832;0
1057;2616;0
526;1545;0
526;2514;0
1387;2501;0
2268;679;0
929;2708;0
2217;2545;0
382;2833;0
2391;2548;0
2221;2634;0
932;2834;0
297;2597;0
1223;2713;0
609;2502;0
2136;2594;0
2136;2559;0
2136;2774;0
1871;2652;0
276;2552;0
229;2501;0
932;2835;0
929;2542;0
798;2175;0
798;2524;0
798;2603;0
792;215;0
717;2552;0
2154;2503;0
978;2836;0
1352;2505;0
1057;2615;0
2083;2505;0
1790;2837;0
1017;2634;0
1856;2552;0
990;2498;0
943;2791;0
434;2596;0
1232;2515;0
1232;2496;0
1174;2505;0
2192;2504;0
1431;258;0
645;913;0
1013;2838;0
1013;2603;0
1676;2634;0
1232;2545;0
694;2589;0
1450;258;0
2217;2574;0
239;2507;0
2407;2839;0
1732;2505;0
612;557;0
2370;2631;0
2139;258;0
843;2537;0
932;284;0
1199;2505;0
1085;2504;0
1856;2558;0
1319;2595;0
330;2496;0
278;2506;0
1511;2808;0
1511;2524;0
1511;2514;0
297;2502;0
357;258;0
2458;2503;0
1856;2502;0
1266;2522;0
1266;2523;0
1266;2524;0
1266;2525;0
1266;2526;0
932;2841;0
745;2791;0
54;215;0
561;2541;0
1641;2545;0
1860;2541;0
2419;2056;0
2419;2524;0
1873;1223;0
1873;1223;0
1873;2619;0
1873;262;0
1873;2621;0
1873;2622;0
932;2842;0
989;2843;0
2307;931;0
1431;2504;0
1648;2505;0
244;2583;0
639;2652;0
932;2844;0
1730;267;0
1730;2496;0
113;2505;0
956;2714;0
955;2504;0
1906;2677;0
2227;2638;0
1515;2505;0
1235;2517;0
658;2522;0
658;2523;0
658;2524;0
658;2525;0
658;2526;0
1298;2505;0
932;2847;0
932;2848;0
932;2784;0
932;2849;0
932;285;0
932;1223;0
932;2851;0
792;2589;0
1559;2505;0
705;2056;0
705;2524;0
1627;2573;0
1136;2852;0
1772;215;0
1045;2513;0
2127;1075;0
2255;2056;0
2255;2524;0
1057;267;0
1057;2496;0
2001;2597;0
1606;258;0
2394;2505;0
2394;2853;0
575;2008;0
1407;2501;0
2458;2616;0
2458;2572;0
852;2637;0
852;2603;0
955;2854;0
1437;2504;0
639;2593;0
327;2008;0
1161;2545;0
887;2518;0
2419;1075;0
718;2855;0
905;1688;0
905;2633;0
1360;2755;0
1360;2756;0
1360;1593;0
1360;2757;0
1360;2555;0
1360;2758;0
227;2738;0
745;1075;0
321;2548;0
2424;82;0
792;2607;0
2394;2505;0
2209;2505;0
1534;2546;0
1534;2547;0
2041;1906;0
1873;312;0
1873;2634;0
1904;601;0
1904;1195;0
1904;2641;0
1904;2642;0
1904;2643;0
1904;2501;0
1904;2644;0
1904;332;0
222;2502;0
321;2596;0
981;2805;0
2472;2506;0
994;2056;0
994;2524;0
2078;2572;0
2332;2856;0
508;258;0
1688;2633;0
1590;2503;0
475;2505;0
1532;2505;0
932;128;0
932;283;0
932;2831;0
932;2832;0
2398;2628;0
1049;1223;0
1049;1223;0
1049;2619;0
1049;262;0
1049;2621;0
1049;2622;0
2385;931;0
1119;2056;0
1119;2524;0
415;2791;0
792;2712;0
2129;2857;0
2129;1688;0
2129;2858;0
826;2859;0
826;286;0
826;2861;0
826;2862;0
1979;679;0
391;2863;0
2311;2852;0
286;601;0
286;1195;0
286;2641;0
286;2642;0
286;2643;0
286;2501;0
286;2644;0
286;332;0
44;2504;0
357;2504;0
2041;1906;0
345;2525;0
345;2526;0
345;2864;0
1850;2601;0
932;2865;0
932;2866;0
1990;104;0
2419;2794;0
745;2867;0
1308;2574;0
1165;2505;0
1743;2666;0
274;2514;0
932;2846;0
932;2524;0
932;1955;0
940;2791;0
382;2505;0
932;2655;0
1818;2597;0
1473;2638;0
1291;2545;0
1080;2496;0
81;2868;0
2148;2869;0
920;2522;0
920;2523;0
920;2524;0
920;2525;0
920;2526;0
1129;2008;0
308;2505;0
2173;2401;0
1206;2501;0
2386;2505;0
1847;2536;0
1633;2522;0
1633;2523;0
1633;2524;0
1633;2525;0
1633;2526;0
509;2401;0
1709;1223;0
1850;2628;0
357;1545;0
357;2514;0
536;2771;0
482;2503;0
1395;2504;0
1514;2502;0
1689;2628;0
1873;2584;0
2240;931;0
16;287;0
2366;2584;0
932;992;0
932;2871;0
932;2872;0
908;2748;0
1648;2589;0
1408;1381;0
1408;2497;0
1408;25;0
1372;2505;0
1850;2639;0
736;2506;0
905;2506;0
1847;2536;0
1847;2607;0
64;2008;0
1031;2056;0
1031;2524;0
115;2504;0
574;2873;0
1213;2874;0
1308;2504;0
1959;2708;0
59;2056;0
1847;2536;0
1847;2604;0
64;1223;0
64;2514;0
64;2762;0
64;2763;0
522;2505;0
2054;2522;0
2054;2523;0
2054;2524;0
2054;2525;0
2054;2526;0
787;2544;0
1986;2875;0
2299;2542;0
1669;2505;0
419;258;0
932;2846;0
932;2774;0
932;1223;0
623;2506;0
935;2589;0
2285;679;0
872;255;0
2020;2552;0
623;2574;0
1395;1545;0
1395;2514;0
662;2581;0
1847;2536;0
1040;2638;0
932;2714;0
1860;2505;0
116;2504;0
1810;2612;0
1818;2522;0
1818;2523;0
1818;2524;0
1818;2525;0
1818;2526;0
1031;2507;0
1926;2502;0
1112;2505;0
83;258;0
2263;2505;0
233;2548;0
1423;2056;0
1423;2497;0
1423;2876;0
1423;2603;0
1914;2505;0
932;2781;0
2201;2506;0
1129;2572;0
1129;2584;0
427;2505;0
2410;2628;0
33;2056;0
174;2503;0
1977;2505;0
2338;2504;0
640;2503;0
1854;2505;0
2375;2522;0
2375;2523;0
2375;2524;0
2375;2525;0
2375;2526;0
563;2504;0
993;2522;0
993;2523;0
993;2524;0
993;2525;0
993;2526;0
1616;2505;0
56;2583;0
1279;2545;0
1451;2727;0
1896;2505;0
932;892;0
932;2877;0
2131;2502;0
2440;2726;0
2440;2514;0
683;258;0
823;2863;0
457;2513;0
1057;2575;0
2302;2536;0
823;2589;0
1512;2878;0
1512;2879;0
1512;288;0
743;2522;0
743;2523;0
743;2524;0
743;2525;0
743;2526;0
150;2694;0
150;2695;0
484;2583;0
31;2545;0
730;2552;0
1129;1545;0
1129;2514;0
1206;2541;0
825;2575;0
1206;2506;0
1594;2531;0
2466;1545;0
2466;2514;0
2071;29;0
2458;1381;0
2458;2559;0
1501;2881;0
436;2497;0
1164;2589;0
1164;2497;0
487;2628;0
2458;2727;0
187;2504;0
2436;2882;0
1054;2056;0
792;2669;0
792;2524;0
2173;2516;0
2019;2502;0
311;2694;0
311;2695;0
65;2531;0
203;2056;0
203;2524;0
243;2628;0
2031;2175;0
2031;2524;0
2031;2603;0
2362;2175;0
2362;2524;0
2362;2603;0
669;1382;0
519;2505;0
482;1223;0
1436;2505;0
932;2883;0
9;2599;0
2286;2594;0
2286;2559;0
2286;2774;0
736;82;0
482;2537;0
932;2884;0
622;215;0
2120;2504;0
2337;2519;0
2337;252;0
2247;2502;0
1617;2669;0
683;2505;0
9;2573;0
2147;1538;0
772;2885;0
745;2616;0
1722;258;0
932;2855;0
1982;2505;0
162;2718;0
579;215;0
579;2886;0
756;2694;0
756;2695;0
1604;2505;0
743;316;0
743;2514;0
760;2505;0
2238;2501;0
1845;258;0
2362;1381;0
2362;2497;0
2362;25;0
1770;2505;0
578;2505;0
268;2515;0
268;2496;0
1466;735;0
1057;2737;0
200;82;0
1978;2401;0
1144;2887;0
1463;2548;0
622;2504;0
989;269;0
2374;2501;0
1451;1381;0
1451;2497;0
1451;25;0
722;2502;0
2165;2501;0
351;2639;0
40;215;0
932;2888;0
932;2496;0
2492;2505;0
172;2056;0
1384;679;0
1139;258;0
1932;258;0
1129;2504;0
646;2505;0
722;2583;0
1125;2502;0
530;2834;0
145;2589;0
145;2497;0
1622;2548;0
792;215;0
233;2503;0
1901;2513;0
908;2748;0
32;2504;0
2420;2638;0
1975;2535;0
1975;2496;0
1975;2514;0
1124;2504;0
1662;1545;0
1662;2514;0
172;2638;0
966;2507;0
926;2544;0
1451;2615;0
682;2558;0
2458;2658;0
2458;2514;0
1765;2537;0
1096;2502;0
145;2574;0
367;2718;0
1662;2672;0
2458;2546;0
2458;2547;0
233;1381;0
233;2559;0
1745;2889;0
1866;2669;0
1866;2524;0
1765;1223;0
1858;258;0
1013;2537;0
933;2505;0
1765;1223;0
1765;1223;0
1765;2619;0
1765;262;0
1765;2621;0
1765;2622;0
1076;2694;0
1076;2695;0
1705;2636;0
437;2599;0
1623;2612;0
2348;2505;0
2173;1143;0
2362;1381;0
2362;2559;0
1768;2574;0
2458;2548;0
1410;735;0
951;2505;0
1968;2776;0
1398;2638;0
1775;1223;0
51;2558;0
1332;2791;0
2446;2504;0
31;2669;0
523;2505;0
233;2593;0
1875;2505;0
371;1143;0
1269;2505;0
935;2541;0
293;258;0
2466;258;0
2132;2545;0
1726;2837;0
2458;1223;0
2458;1223;0
2458;2619;0
2458;262;0
2458;2621;0
2458;2622;0
1365;723;0
932;2336;0
2025;679;0
2362;2519;0
2362;252;0
1176;258;0
908;2748;0
1975;1223;0
1975;1223;0
1975;2619;0
1975;262;0
1975;2621;0
1975;2622;0
277;2513;0
1616;2501;0
1765;2515;0
1765;2496;0
2178;2552;0
1552;2638;0
2361;2574;0
1563;2505;0
2006;2519;0
2006;252;0
786;2504;0
1259;11;0
149;2505;0
1573;2638;0
1963;2616;0
639;2638;0
1802;2515;0
1802;2496;0
2236;2056;0
1512;1223;0
1546;289;0
786;2501;0
233;2499;0
1790;2558;0
1756;82;0
1367;2502;0
2286;2636;0
34;215;0
1537;2694;0
1537;2695;0
233;2506;0
1560;2507;0
2002;679;0
2217;1382;0
77;2891;0
1878;2545;0
268;2636;0
2178;2634;0
233;2574;0
932;2638;0
1176;258;0
2187;2506;0
2361;2506;0
639;2056;0
639;2524;0
989;1689;0
2408;2892;0
656;2877;0
313;2503;0
1116;1381;0
1116;2559;0
1029;1223;0
1029;1223;0
1029;2619;0
1029;262;0
1029;2621;0
1029;2622;0
2233;2505;0
1788;2552;0
2158;2501;0
2235;2638;0
1284;2502;0
1013;2513;0
1964;2498;0
2216;2513;0
1773;2501;0
2178;2558;0
932;2784;0
2458;2545;0
2018;2508;0
1592;2536;0
233;1545;0
233;2514;0
268;557;0
1935;1529;0
1935;2893;0
1935;2243;0
411;2544;0
634;2504;0
878;2505;0
926;2574;0
1351;1382;0
1874;2513;0
612;2506;0
268;1143;0
2191;2599;0
1850;2506;0
233;1223;0
233;1223;0
233;2619;0
233;262;0
233;2621;0
233;2622;0
932;1554;0
1510;2505;0
801;2894;0
1850;2665;0
2043;2548;0
688;2521;0
1850;1223;0
1850;1223;0
1850;2619;0
1850;262;0
1850;2621;0
1850;2622;0
1465;2504;0
932;2778;0
1850;1381;0
1850;2559;0
701;2505;0
233;2515;0
233;2496;0
452;2751;0
452;2752;0
452;2753;0
452;2496;0
2272;2515;0
2272;2496;0
2018;2503;0
710;2056;0
710;2524;0
818;2531;0
31;2895;0
31;2514;0
233;2545;0
801;82;0
1535;2501;0
603;2572;0
2152;2572;0
249;2505;0
1457;2575;0
1215;2503;0
233;2504;0
1122;2545;0
1385;875;0
1385;2544;0
656;2552;0
323;389;0
1768;258;0
2344;2537;0
464;2519;0
464;252;0
790;2545;0
2466;2503;0
2421;2505;0
2236;29;0
1486;2505;0
65;2505;0
733;2896;0
733;2745;0
733;2897;0
733;2497;0
733;2524;0
156;2898;0
1038;2505;0
916;2505;0
2191;2552;0
339;2505;0
2008;2515;0
2008;2496;0
1011;2056;0
2155;2505;0
2354;2535;0
2354;2496;0
2354;2514;0
1743;2501;0
1575;2863;0
207;2503;0
2216;2504;0
1044;2505;0
2286;2899;0
186;2504;0
339;2501;0
1815;2638;0
2008;2506;0
1700;2655;0
181;2507;0
1906;2045;0
1579;2672;0
1011;2505;0
1929;2513;0
1764;2503;0
639;1223;0
639;1223;0
639;2619;0
639;262;0
639;2621;0
639;2622;0
228;29;0
1116;82;0
266;2517;0
932;2901;0
734;2522;0
734;2523;0
734;2524;0
734;2525;0
734;2526;0
1764;2515;0
1764;2496;0
402;2505;0
690;2637;0
690;2603;0
595;258;0
2305;2545;0
1764;2513;0
424;2739;0
1266;2902;0
1764;2504;0
2458;2537;0
1737;2505;0
576;821;0
576;2514;0
2203;971;0
472;2637;0
472;2603;0
2466;1593;0
2466;2903;0
2466;2904;0
2466;2905;0
367;2513;0
2296;2589;0
536;2768;0
1327;2505;0
634;2545;0
2265;258;0
1512;2817;0
1512;2496;0
1839;2672;0
1906;645;0
2423;2502;0
893;2708;0
1155;258;0
1273;684;0
555;2667;0
162;2548;0
1810;2581;0
512;258;0
1577;2503;0
1686;2515;0
1686;2496;0
1986;48;0
904;2727;0
440;2505;0
73;258;0
707;2505;0
417;2505;0
1935;2585;0
1173;2505;0
2413;601;0
2413;1195;0
2413;2641;0
2413;2642;0
2413;2643;0
2413;2501;0
2413;2644;0
2413;332;0
332;601;0
332;1195;0
272;2727;0
1906;504;0
372;2504;0
2350;1382;0
1487;2505;0
904;2718;0
1970;2505;0
1665;1382;0
2124;2505;0
1584;258;0
755;215;0
1160;2505;0
1243;2505;0
1906;2;0
1906;2773;0
1906;2563;0
1906;2906;0
1906;2496;0
1622;2515;0
1622;2496;0
1536;2505;0
664;258;0
2238;2589;0
2238;2497;0
981;2739;0
537;274;0
1890;2505;0
1188;258;0
656;2552;0
501;2597;0
501;2907;0
194;2056;0
194;2524;0
143;735;0
1556;2636;0
1315;2908;0
293;2505;0
2004;2515;0
2004;2496;0
2172;2504;0
2264;679;0
783;2505;0
1494;2505;0
1042;2546;0
1042;2547;0
424;2909;0
904;2548;0
647;2719;0
302;2504;0
823;2501;0
1575;2589;0
1149;2505;0
362;2672;0
1694;2655;0
809;258;0
1627;291;0
586;2503;0
764;2505;0
57;2515;0
57;2496;0
119;2911;0
896;2739;0
2097;2501;0
1272;258;0
1062;2632;0
858;2505;0
1653;2508;0
1627;679;0
2001;2552;0
901;2548;0
502;258;0
942;2505;0
42;2505;0
647;2401;0
1933;2537;0
2456;2505;0
305;2912;0
2440;2664;0
596;2537;0
904;2545;0
139;2517;0
1042;2545;0
1627;2552;0
1057;258;0
359;2544;0
1857;258;0
793;2505;0
1299;2545;0
904;2515;0
904;2496;0
1663;2504;0
1974;114;0
1368;2507;0
2318;2505;0
2281;2496;0
2;2693;0
2017;2505;0
647;459;0
932;1356;0
1062;2718;0
2384;2544;0
601;1195;0
601;2641;0
601;2642;0
601;2643;0
601;2501;0
601;2644;0
601;332;0
1980;2505;0
2086;2505;0
883;2909;0
466;2504;0
1190;2519;0
1190;252;0
1215;2575;0
932;2401;0
1971;2505;0
2178;2502;0
2027;2574;0
428;2883;0
647;2666;0
2177;2504;0
549;2505;0
1843;2709;0
1402;2589;0
1402;2497;0
1566;587;0
256;2612;0
1410;2622;0
1410;2621;0
1410;2913;0
2167;258;0
2167;2914;0
2068;2498;0
2010;2502;0
79;2597;0
819;2915;0
2116;215;0
2177;2505;0
1771;2634;0
478;2589;0
1330;1397;0
431;2522;0
431;2523;0
431;2524;0
431;2525;0
431;2526;0
1952;2505;0
659;2505;0
1880;2898;0
2123;1381;0
2123;2497;0
2123;25;0
819;2916;0
243;2504;0
24;2505;0
1530;2515;0
1530;2496;0
2281;1223;0
1315;2908;0
1315;2917;0
293;2504;0
2418;2505;0
2487;2546;0
2487;2547;0
2389;258;0
1245;258;0
2141;2918;0
819;2919;0
1645;2537;0
73;1382;0
462;2637;0
462;2603;0
1530;2504;0
430;1381;0
430;2497;0
430;25;0
2254;2505;0
628;2595;0
1767;2799;0
914;215;0
1933;1223;0
1994;258;0
1430;2605;0
647;2605;0
1715;2401;0
1922;2545;0
1871;2614;0
974;258;0
1604;258;0
164;2575;0
310;258;0
1888;2664;0
904;2574;0
2185;215;0
1694;2498;0
2477;2599;0
1739;1382;0
393;679;0
20;505;0
20;292;0
20;2921;0
20;2922;0
20;2923;0
20;821;0
20;2924;0
20;2925;0
20;2926;0
932;1154;0
932;2927;0
2009;2664;0
2238;2515;0
2238;2496;0
1981;2505;0
1767;2754;0
265;2912;0
413;2572;0
855;2636;0
670;2504;0
491;2505;0
2021;2501;0
2444;258;0
525;215;0
975;2501;0
1113;2515;0
1113;2496;0
77;258;0
1933;1223;0
1933;1223;0
1933;2619;0
1933;262;0
1933;2621;0
1933;2622;0
2218;2507;0
2258;1223;0
557;1382;0
733;2505;0
2218;2505;0
1944;2504;0
677;2537;0
2101;2605;0
2218;2928;0
2236;2507;0
177;1382;0
1365;2791;0
358;255;0
2328;258;0
2248;258;0
2238;2545;0
693;552;0
693;2929;0
1659;2572;0
1409;293;0
234;2505;0
1767;2519;0
1767;252;0
866;1223;0
866;1223;0
866;2619;0
866;262;0
866;2621;0
866;2622;0
1116;1689;0
2444;258;0
2426;2522;0
2426;2523;0
2426;2524;0
2426;2525;0
2426;2526;0
932;2056;0
932;2524;0
677;1223;0
570;258;0
1588;1382;0
906;1223;0
147;2548;0
2214;2505;0
1273;1398;0
745;2056;0
745;2524;0
1790;2502;0
1727;2504;0
874;1545;0
1761;2599;0
1588;1382;0
2050;215;0
107;2637;0
107;2603;0
819;2605;0
1202;2545;0
441;2508;0
677;1223;0
677;1223;0
677;2619;0
677;262;0
677;2621;0
677;2622;0
2119;215;0
283;2513;0
745;2672;0
2191;2522;0
2191;2523;0
2191;2524;0
2191;2525;0
2191;2526;0
1378;2539;0
1378;254;0
1857;1143;0
1448;2542;0
1287;2541;0
1430;1397;0
1330;2574;0
2039;2546;0
2039;2547;0
1659;2574;0
2005;2539;0
2005;254;0
2001;2931;0
1158;2833;0
1181;2502;0
2396;2505;0
191;2515;0
191;2496;0
399;215;0
656;2522;0
656;2523;0
656;2524;0
656;2525;0
656;2526;0
20;2773;0
20;2563;0
20;2906;0
20;2496;0
2070;2548;0
2214;2589;0
1649;1223;0
1740;258;0
2245;2545;0
60;2517;0
1216;2501;0
531;258;0
656;2634;0
418;2498;0
283;2932;0
1765;1397;0
2288;258;0
1695;2933;0
1695;2751;0
1695;2934;0
1695;2935;0
1695;2936;0
1695;2495;0
1695;2937;0
1695;2938;0
1695;2939;0
1695;294;0
1695;2941;0
1695;2942;0
1695;2943;0
1695;2944;0
1695;2945;0
1695;1684;0
430;2605;0
1158;2515;0
1158;2496;0
2005;258;0
656;2552;0
2234;215;0
906;2513;0
1430;1545;0
1430;2514;0
1135;2781;0
1158;2545;0
1430;1143;0
1649;908;0
2404;2504;0
2445;2909;0
2325;2946;0
1889;258;0
1612;1143;0
283;2838;0
283;2603;0
758;2504;0
2116;2505;0
643;2513;0
1430;2056;0
693;2947;0
2234;2504;0
272;2506;0
1638;2056;0
1957;2505;0
310;2531;0
1064;2599;0
193;2505;0
906;2622;0
731;2552;0
2325;2574;0
442;2505;0
301;2833;0
557;258;0
1192;2537;0
257;2502;0
93;2808;0
93;2524;0
93;2514;0
1071;1381;0
1071;2559;0
520;2504;0
2362;258;0
438;2719;0
2056;2524;0
2180;2828;0
2180;2829;0
2168;2505;0
1315;2653;0
1192;2504;0
2010;2591;0
1765;2531;0
2236;2672;0
1219;2637;0
1219;2603;0
684;2664;0
1714;2505;0
1365;2948;0
2325;2507;0
456;2515;0
456;2496;0
1328;2542;0
2101;386;0
1300;2505;0
681;2508;0
1315;1223;0
2199;2612;0
1328;2504;0
2368;2505;0
1031;684;0
347;2505;0
938;1545;0
594;2505;0
565;2505;0
1413;2545;0
1024;2746;0
367;2506;0
745;1115;0
731;2634;0
118;2592;0
1948;2545;0
2182;2531;0
1221;2531;0
1315;2605;0
735;908;0
1527;2505;0
1230;2949;0
1230;295;0
1686;215;0
456;2915;0
684;82;0
1328;1223;0
2362;2838;0
2362;2603;0
1704;2504;0
1968;2558;0
42;2504;0
1814;2505;0
565;2506;0
1731;2951;0
118;2502;0
656;2502;0
2219;2802;0
727;1894;0
2412;2504;0
1133;2522;0
1133;2523;0
1133;2524;0
1133;2525;0
1133;2526;0
510;2505;0
1052;258;0
158;2508;0
56;2634;0
376;2622;0
731;2693;0
1765;2517;0
464;258;0
727;2351;0
1313;2581;0
2357;2505;0
2005;2501;0
628;2574;0
2325;2952;0
1687;2545;0
1902;2505;0
5;2552;0
1315;2666;0
976;1545;0
976;2514;0
1757;1223;0
1757;1223;0
1757;2619;0
1757;262;0
1757;2621;0
1757;2622;0
442;2515;0
442;2496;0
1041;2501;0
1471;2545;0
2195;2495;0
2195;2496;0
2195;2497;0
1426;254;0
2395;1143;0
693;2719;0
449;2506;0
1901;2589;0
912;2497;0
912;2953;0
2150;2595;0
343;2954;0
198;2505;0
1389;2513;0
1402;684;0
2412;2506;0
1234;2636;0
606;2505;0
1280;2508;0
2113;2502;0
333;2505;0
1838;2513;0
1928;1382;0
1411;2545;0
1888;2574;0
1116;1381;0
1116;2497;0
1116;25;0
1402;2666;0
788;2515;0
788;2496;0
1598;2673;0
1598;821;0
727;1202;0
544;2545;0
575;2501;0
242;2504;0
606;2575;0
727;216;0
1502;2615;0
2062;1649;0
1317;2505;0
1804;2653;0
1480;2664;0
1922;2501;0
727;778;0
932;2875;0
1404;215;0
779;215;0
90;2505;0
2101;2746;0
1480;2572;0
145;215;0
692;215;0
1157;2504;0
2291;2574;0
845;2548;0
1090;2498;0
1480;2708;0
1386;2508;0
2058;2634;0
1221;258;0
1915;1223;0
1915;1223;0
1915;2619;0
1915;262;0
1915;2621;0
1915;2622;0
1517;258;0
1491;2505;0
2101;2727;0
1480;2504;0
1398;2666;0
1452;2589;0
1402;2545;0
2430;2616;0
564;215;0
1941;2548;0
72;2502;0
2357;2504;0
1729;2713;0
2325;1554;0
2325;2758;0
152;2545;0
1099;2505;0
1998;684;0
460;2401;0
2044;2505;0
946;1545;0
946;2514;0
2272;451;0
2272;2715;0
727;2955;0
853;2634;0
1303;2401;0
1402;2501;0
2228;2505;0
487;2503;0
1398;2605;0
404;2502;0
567;316;0
567;2514;0
727;2912;0
2157;2505;0
1386;1143;0
1386;2956;0
142;723;0
766;2505;0
709;2515;0
709;2496;0
1895;2504;0
2430;82;0
959;2634;0
968;2517;0
2171;679;0
1230;2751;0
1230;2752;0
1230;2753;0
1230;2496;0
844;2503;0
724;215;0
1410;2505;0
1882;215;0
507;2545;0
1398;2947;0
1192;2401;0
2205;2505;0
1283;2539;0
1283;254;0
2292;2843;0
1247;2817;0
1247;2496;0
1303;2713;0
2106;1381;0
2106;2559;0
2358;2505;0
2394;1382;0
2101;2616;0
2291;2504;0
1404;29;0
1683;2502;0
1480;2506;0
435;258;0
1738;1223;0
343;2544;0
1414;2506;0
2147;215;0
1612;2653;0
1795;2504;0
795;2515;0
795;2496;0
2186;2505;0
461;2537;0
2101;2572;0
727;2957;0
1011;215;0
495;2508;0
1470;2546;0
1470;2547;0
1211;2504;0
2430;2548;0
2099;258;0
1154;2927;0
1398;2719;0
2394;1382;0
1192;2501;0
2101;2584;0
1566;2539;0
1566;254;0
795;2727;0
1008;2502;0
2101;82;0
1338;2545;0
684;1381;0
684;2497;0
684;25;0
1791;2505;0
681;2495;0
681;2496;0
681;2497;0
2078;2521;0
889;2504;0
2101;2548;0
296;2505;0
1480;2574;0
2334;2545;0
2292;2958;0
2272;2503;0
2101;2504;0
1561;2505;0
1470;2629;0
1686;2495;0
1686;2496;0
1686;2497;0
1470;274;0
1821;2634;0
1067;1202;0
2491;258;0
1742;215;0
166;2595;0
1163;2544;0
1690;258;0
343;2652;0
599;2503;0
284;2505;0
2394;1382;0
1318;2506;0
521;2708;0
1210;2578;0
2411;2505;0
2051;1143;0
1686;1545;0
1686;2514;0
1210;2589;0
1210;2497;0
461;265;0
1247;735;0
628;2537;0
349;215;0
976;2501;0
2223;2502;0
1414;2959;0
1210;215;0
1398;29;0
684;2504;0
1011;215;0
166;1223;0
166;1223;0
166;2619;0
166;262;0
166;2621;0
166;2622;0
487;2513;0
1103;296;0
1103;2961;0
487;1545;0
487;2514;0
2292;2616;0
2292;1223;0
976;258;0
1398;778;0
1210;258;0
1502;735;0
464;2505;0
320;2503;0
2393;258;0
2225;1381;0
2225;2497;0
2225;25;0
1751;2505;0
1686;908;0
2319;2813;0
483;2597;0
1398;1202;0
2072;2596;0
2265;258;0
321;2531;0
2330;679;0
1210;2589;0
231;261;0
1612;735;0
1446;2548;0
1398;2317;0
992;2778;0
343;2863;0
799;2505;0
2152;2505;0
1398;459;0
739;2495;0
739;2496;0
739;2497;0
684;2915;0
737;1906;0
396;2558;0
890;2962;0
487;2504;0
1671;679;0
1566;2056;0
1248;2501;0
1934;1382;0
1398;587;0
92;2545;0
2106;2506;0
1938;2505;0
298;2501;0
2349;258;0
487;2542;0
2484;2635;0
1724;2504;0
580;679;0
336;1103;0
336;296;0
336;2961;0
1735;258;0
550;2501;0
1048;2546;0
1048;2547;0
1161;2169;0
2002;2502;0
572;679;0
767;2558;0
1793;258;0
1210;267;0
1210;2496;0
206;2599;0
1966;2882;0
2106;2676;0
166;2515;0
166;2496;0
1147;2504;0
2241;2504;0
1402;2531;0
1231;2504;0
1210;2769;0
8;2963;0
8;2964;0
8;2925;0
1456;2591;0
1424;258;0
2022;215;0
166;2545;0
1581;2504;0
1210;2965;0
554;2544;0
320;1545;0
320;2514;0
1379;2522;0
1379;2523;0
1379;2524;0
1379;2525;0
1379;2526;0
206;2552;0
1687;1223;0
868;2966;0
868;2966;0
1410;2504;0
2395;2575;0
355;2575;0
1379;2634;0
2237;2544;0
2356;2946;0
1330;2575;0
653;2574;0
118;2558;0
1749;2615;0
1950;2505;0
178;2502;0
1140;2522;0
1140;2523;0
1140;2524;0
1140;2525;0
1140;2526;0
1350;2531;0
2275;2499;0
1850;215;0
853;2592;0
1984;2505;0
2373;479;0
1150;2737;0
1048;2629;0
681;215;0
1729;2496;0
1411;2539;0
1411;254;0
1842;2967;0
1842;2525;0
514;2504;0
1502;2575;0
2442;2545;0
2275;2506;0
397;2504;0
1210;2521;0
385;258;0
2155;2504;0
1621;908;0
1571;2501;0
1034;114;0
1962;2504;0
238;137;0
1627;1672;0
2286;2515;0
2286;2496;0
813;215;0
2106;2574;0
1571;2504;0
775;2505;0
2014;2951;0
2286;2401;0
568;215;0
68;2505;0
1643;2504;0
1407;2575;0
1917;2522;0
1917;2523;0
1917;2524;0
1917;2525;0
1917;2526;0
2467;2504;0
2394;259;0
2394;2811;0
1391;2741;0
2194;2505;0
1196;2572;0
777;2505;0
1707;2545;0
1757;1223;0
661;2505;0
1937;2531;0
1210;2531;0
2454;1382;0
937;2727;0
1978;2575;0
681;2501;0
37;2505;0
1502;2614;0
1210;2594;0
1210;2559;0
1210;2774;0
459;215;0
1051;2505;0
1433;2882;0
1210;2517;0
861;2552;0
1140;2502;0
1210;2589;0
1282;2401;0
1210;2505;0
1069;2513;0
2484;679;0
674;2503;0
1637;2515;0
1637;2496;0
423;2505;0
1918;2968;0
1918;2969;0
1681;1545;0
1765;1381;0
1765;2559;0
1713;2504;0
2461;2541;0
1801;2401;0
1899;2519;0
1899;252;0
2292;297;0
2051;215;0
776;2572;0
1270;2545;0
1490;2507;0
95;2513;0
2082;2535;0
2082;2496;0
2082;2514;0
1105;2505;0
1277;2531;0
95;2515;0
95;2496;0
1719;2506;0
95;2813;0
361;2056;0
95;2537;0
1270;2506;0
2106;2503;0
2030;2548;0
2394;2517;0
949;1545;0
1392;1223;0
1985;2577;0
1156;2504;0
2489;2505;0
1259;2545;0
1154;2525;0
863;215;0
2363;2541;0
1422;215;0
1419;2504;0
962;2637;0
962;2603;0
1304;2505;0
1588;1382;0
1259;2513;0
1468;2515;0
1468;2496;0
118;2599;0
1185;2505;0
1899;697;0
1899;2971;0
1899;2555;0
1899;2526;0
1899;2554;0
1899;2972;0
1899;2905;0
1899;2501;0
1899;2838;0
1899;2723;0
1899;2973;0
1899;2974;0
1899;2975;0
1899;2976;0
1899;296;0
1196;2401;0
254;2531;0
73;557;0
1027;2504;0
1331;2506;0
271;2544;0
1411;1143;0
459;2574;0
2091;215;0
1468;2574;0
1011;215;0
1011;2886;0
633;2599;0
1834;2977;0
1834;2603;0
1834;2964;0
1834;2925;0
1834;2978;0
1834;2824;0
1834;2768;0
1834;2945;0
1834;2675;0
1617;1381;0
1617;2497;0
1617;25;0
1698;215;0
2111;215;0
2030;2727;0
2010;2573;0
1819;258;0
2278;2979;0
2278;2495;0
2278;831;0
2278;821;0
2278;298;0
621;2505;0
1402;215;0
2111;215;0
2111;2774;0
2111;2524;0
2111;2981;0
1060;2548;0
1398;2537;0
2141;258;0
553;215;0
2474;2589;0
2474;2497;0
285;215;0
2329;215;0
1836;2548;0
1398;2754;0
1393;1223;0
1393;2514;0
1393;2762;0
1393;2763;0
250;2877;0
1468;2503;0
2260;2505;0
2252;2504;0
1765;2727;0
309;2637;0
309;2603;0
282;215;0
21;215;0
21;2514;0
261;2636;0
1997;2336;0
1490;215;0
2312;2505;0
1376;2531;0
1629;2504;0
1218;2615;0
751;2621;0
2420;2614;0
1488;2515;0
1576;1736;0
1341;2514;0
699;2504;0
1608;2504;0
1289;1382;0
2410;2496;0
485;679;0
1398;2514;0
548;821;0
2323;1223;0
929;2545;0
1955;2846;0
332;2501;0
647;2669;0
1992;2169;0
1634;258;0
751;2619;0
497;215;0
1678;25;0
689;2681;0
2169;2714;0
2377;2534;0
1559;2559;0
1249;2506;0
2379;2504;0
1261;2525;0
1398;2818;0
212;2519;0
263;215;0
1578;2574;0
2432;258;0
332;2642;0
2341;2507;0
1210;258;0
1337;2507;0
