Emisor;Receptor
2;2693
3;723
4;2502
4;2573
5;2552
6;2114
7;913
8;2963
8;2964
8;2925
9;2599
9;2573
10;2505
11;679
12;879
13;1081
13;145
14;2505
15;256
15;2561
15;2562
15;2563
15;2564
15;2565
15;2566
15;2567
15;2568
15;2569
15;257
15;1219
15;2685
15;2686
15;258
15;2687
15;2696
15;258
16;287
17;1382
17;2503
18;2814
20;505
20;292
20;2921
20;2922
20;2923
20;821
20;2924
20;2925
20;2926
20;2773
20;2563
20;2906
20;2496
21;215
21;2514
22;215
23;258
24;2505
25;2612
26;2508
26;2541
26;2545
26;2504
27;2505
29;2552
30;2575
30;2655
30;2501
31;2545
31;2669
31;2895
31;2514
32;2503
32;1223
32;2546
32;2547
32;2574
32;2537
32;2515
32;2496
32;2504
33;2539
33;254
33;2056
34;215
35;2633
35;2787
36;2505
37;2505
38;2504
39;2501
40;215
41;601
41;1195
41;2641
41;2642
41;2643
41;2501
41;2644
41;332
42;2505
42;2504
44;2504
46;2652
46;2632
46;82
47;2505
48;2513
48;2613
49;2505
50;913
51;2522
51;2523
51;2524
51;2525
51;2526
51;2552
51;2558
52;2505
53;2522
53;2523
53;2524
53;2525
53;2526
53;2558
54;215
55;2513
56;679
56;2583
56;2634
57;2515
57;2496
58;1143
59;2056
60;2517
61;2818
61;2603
61;2514
63;2505
64;2008
64;1223
64;2514
64;2762
64;2763
65;2531
65;2505
66;215
66;2514
66;1381
66;2559
66;265
66;2595
67;1382
67;1382
67;1381
67;2559
67;2576
67;2394
67;1223
67;259
67;2545
67;2572
67;2574
67;2537
67;1143
67;2662
67;2524
67;2603
67;1143
67;574
67;2525
67;2668
67;2671
67;1143
67;2671
67;2497
67;1143
67;1143
67;2512
67;1659
67;2682
67;2496
67;2683
67;2533
67;821
67;2684
67;2688
67;1143
67;1291
67;2726
67;2514
67;2712
68;2505
69;2537
70;1143
71;1382
71;2615
71;2793
71;2636
72;2502
73;2824
73;258
73;1382
73;557
74;2505
75;1382
76;2678
76;2679
76;2008
76;2503
76;2505
77;2891
77;258
78;2401
79;2597
80;312
81;2868
83;258
84;2505
85;679
86;2502
87;2781
88;258
89;2502
90;2505
91;601
91;1195
91;2641
91;2642
91;2643
91;2501
91;2644
91;332
92;2545
93;2808
93;2524
93;2514
94;2008
95;2513
95;2515
95;2496
95;2813
95;2537
96;931
97;2505
98;679
98;913
99;2634
100;1382
101;2631
101;2517
103;2579
103;2515
103;2496
103;1382
103;2494
103;2541
104;2708
105;255
105;2505
106;2597
107;2637
107;2603
108;215
109;2597
111;723
113;2505
114;2545
115;2504
116;1382
116;2615
116;2008
116;2574
116;2504
117;2506
118;2592
118;2502
118;2558
118;2599
119;2911
120;2502
121;1455
121;2056
121;2524
121;2575
122;2652
122;2545
122;258
122;1689
122;2508
123;2505
124;2531
125;2506
126;2573
126;913
127;2505
128;2596
129;2631
130;2583
131;2505
132;2505
133;2504
134;2504
134;2505
134;2501
135;316
135;2514
136;684
137;2501
138;2505
139;2504
139;2517
140;2503
141;2505
142;723
143;735
145;2501
145;2537
145;2545
145;1081
145;2638
145;2506
145;2589
145;2497
145;2574
145;215
146;2505
146;2504
147;2548
148;1545
148;2514
149;2505
150;2694
150;2695
151;2739
152;2545
153;215
154;2505
156;2898
157;2008
157;2505
157;2504
158;2508
159;1382
160;263
161;1223
161;2505
162;2507
162;2718
162;2548
164;2575
165;2501
166;2595
166;1223
166;1223
166;2619
166;262
166;2621
166;2622
166;2515
166;2496
166;2545
167;2505
168;2544
169;2515
169;2496
170;2531
171;258
172;2056
172;2638
173;2056
174;2503
175;2754
176;215
177;1382
178;2502
180;2505
181;2507
182;2552
183;2008
184;1382
185;2542
185;2507
185;2504
186;2504
187;2504
188;2574
188;258
189;2513
190;2505
191;2515
191;2496
192;2581
193;2505
194;1738
194;581
194;2555
194;2697
194;71
194;2698
194;2699
194;27
194;2701
194;2702
194;2703
194;2056
194;2524
195;2008
198;2505
199;2544
200;82
201;2505
201;2651
202;2531
203;2506
203;2056
203;2524
204;2607
205;635
206;2599
206;2552
207;2503
208;2501
209;2513
209;2515
209;2496
209;2504
209;601
209;1195
209;2641
209;2642
209;2643
209;2501
209;2644
209;332
210;2504
211;258
212;2008
212;2603
212;1381
212;2497
212;25
212;2505
212;2518
212;2519
212;252
212;2008
213;2764
213;2765
216;1382
216;2008
217;82
218;2502
219;2531
220;2502
220;2597
221;2505
222;2502
223;2628
225;1382
225;2513
225;2498
225;2605
226;2545
227;2738
228;29
229;2501
230;2505
231;2498
231;261
232;2537
232;723
233;2548
233;2503
233;1381
233;2559
233;2593
233;2499
233;2506
233;2574
233;1545
233;2514
233;1223
233;1223
233;2619
233;262
233;2621
233;2622
233;2515
233;2496
233;2545
233;2504
234;2505
235;601
235;1195
235;2641
235;2642
235;2643
235;2501
235;2644
235;332
236;2008
236;2603
237;2505
237;2799
238;137
239;2507
240;2634
240;2552
241;2504
242;2504
243;2628
243;2504
244;2583
245;2505
246;316
246;2514
247;2531
248;2504
249;2505
250;2877
251;2504
252;913
252;1382
252;2772
252;2773
253;2504
254;2531
255;2548
256;2612
257;2502
259;2504
260;2589
261;2636
262;2545
262;2504
262;2515
262;2496
263;215
264;1381
264;2497
264;25
264;2513
265;2912
266;2517
267;263
268;2515
268;2496
268;2636
268;557
268;1143
269;2545
270;2575
271;2544
272;2727
272;2506
273;2515
273;2496
274;2514
275;2505
276;2552
276;2573
276;2552
277;2513
278;2506
279;255
280;2607
281;2583
281;679
281;2637
281;2603
282;215
283;1545
283;2514
283;2513
283;2932
283;2838
283;2603
284;2505
285;215
286;601
286;1195
286;2641
286;2642
286;2643
286;2501
286;2644
286;332
287;2505
288;2552
288;2552
289;2639
291;2544
292;2506
292;2545
292;2504
293;258
293;2505
293;2504
294;2513
294;82
295;2536
295;2607
296;33
296;2496
296;2008
296;2505
297;2597
297;2502
298;2501
299;1545
299;2514
299;1398
300;536
300;2771
300;2246
301;2506
301;2833
302;2504
303;2513
305;2912
307;2595
307;2517
307;2507
307;2542
307;2657
308;2505
309;2637
309;2603
310;258
310;2531
311;2694
311;2695
312;2506
313;2503
314;2501
314;2575
315;2612
316;2514
317;2503
318;735
318;2614
319;2502
320;2503
320;1545
320;2514
321;2548
321;2596
321;2531
322;2636
322;215
322;2514
323;2494
323;389
324;913
324;2552
325;274
326;2505
327;2008
328;2501
329;2504
330;2496
331;2572
332;601
332;1195
332;2641
332;2642
332;2643
332;2501
332;2644
333;2505
334;2502
335;1381
335;2497
335;25
336;1103
336;296
336;2961
337;2575
337;2501
338;2505
339;2505
339;2501
340;2506
341;2545
342;2672
342;2515
342;2496
342;2506
342;2513
342;1223
342;1223
342;2619
342;262
342;2621
342;2622
343;2954
343;2544
343;2652
343;2863
344;2496
344;2586
344;2587
344;2588
344;2504
344;2537
345;2525
345;2526
345;2864
346;2505
347;2505
348;2604
348;2056
349;215
350;1382
351;2639
352;1223
353;2575
354;1381
354;2497
354;25
355;2575
356;2508
357;2501
357;258
357;2504
357;1545
357;2514
358;1382
358;2508
358;255
359;2544
360;1455
361;2056
362;2672
363;2504
363;258
364;2505
365;931
366;265
367;2718
367;2513
367;2506
368;2505
369;2522
369;2523
369;2524
369;2525
369;2526
370;2401
371;1143
372;2504
373;2504
374;679
376;2622
377;2505
378;2495
378;2496
378;2497
378;255
379;735
380;258
381;2505
382;2833
382;2505
383;2505
384;679
384;811
385;258
387;2573
388;684
390;2545
391;2863
392;2501
393;679
394;2502
395;2501
396;2558
397;2504
398;2504
399;215
400;2612
401;2505
402;2505
403;2505
403;2175
403;2524
403;2603
404;2502
406;2505
406;2506
407;2514
408;1382
409;2505
410;1382
411;2544
413;2572
414;2502
415;2791
417;2505
418;2503
418;2498
419;258
420;679
420;2637
420;2603
421;2596
421;2548
422;2604
422;2505
423;2505
424;2739
424;2909
425;1382
426;2637
426;2603
427;2505
428;2883
429;723
430;1381
430;2497
430;25
430;2605
431;2522
431;2523
431;2524
431;2525
431;2526
433;2572
433;2504
433;2545
433;1223
433;1075
434;2596
435;258
436;2497
437;2599
438;2719
440;2505
441;2508
442;2505
442;2515
442;2496
443;2506
444;2536
445;2597
446;2584
446;2504
446;2515
446;2496
447;2552
447;2634
447;2677
448;2545
448;2501
449;2506
450;258
450;2008
450;2539
450;254
450;2652
450;33
450;2496
450;1291
450;2781
450;2494
450;2508
451;2715
452;2751
452;2752
452;2753
452;2496
454;2505
455;2546
455;2547
455;2504
456;2505
456;2574
456;2515
456;2496
456;2915
457;2513
458;1381
459;215
459;2574
460;2401
461;2537
461;265
462;913
462;2637
462;2603
463;2505
464;2519
464;252
464;258
464;2505
465;2505
466;2504
467;2505
468;2502
470;215
470;2498
471;2505
472;2637
472;2603
473;913
474;2505
475;2505
476;2056
477;2505
478;2541
478;2589
479;778
481;2558
482;2503
482;1223
482;2537
483;2597
484;2583
485;679
485;679
486;2545
487;2008
487;2628
487;2503
487;2513
487;1545
487;2514
487;2504
487;2542
488;2544
489;2737
489;2823
490;416
490;2502
491;2505
492;2552
492;316
492;2514
493;2825
493;2826
494;2505
495;2508
496;2544
497;215
497;2544
498;2597
499;2634
500;2505
501;2597
501;2907
502;258
503;2548
505;2649
506;2513
507;2545
508;258
509;2401
510;2505
511;416
512;258
513;2504
514;2504
517;182
518;931
519;2505
520;2504
521;2708
522;2505
523;2505
524;2504
525;215
526;2581
526;1545
526;2514
527;2505
528;2552
529;114
530;1075
530;2834
531;258
532;1303
532;1381
532;2493
533;2539
533;254
533;2544
533;254
533;82
534;2634
534;2502
535;2502
536;1223
536;2514
536;82
536;1382
536;2738
536;2008
536;2595
536;1114
536;2514
536;1309
536;729
536;2514
536;581
536;2777
536;1381
536;2559
536;2622
536;2513
536;2718
536;82
536;2665
536;2537
536;2652
536;2503
536;1545
536;2514
536;1223
536;1223
536;2619
536;262
536;2621
536;2622
536;2515
536;2496
536;2771
536;2768
537;274
539;2536
540;316
540;2514
541;2737
542;1357
544;2545
545;2505
545;2513
545;1545
545;2514
545;1223
545;1223
545;2619
545;262
545;2621
545;2622
545;2574
545;2504
546;2574
546;258
547;1469
547;2603
547;2514
547;911
547;2505
548;821
548;2532
548;2533
548;2534
549;2505
550;2501
551;2531
552;2502
553;215
554;2544
555;2667
556;258
557;1382
557;258
558;2499
558;684
558;2545
558;1381
558;2559
558;2652
560;2552
561;2541
562;2544
563;2504
564;215
565;2505
565;2506
566;2502
567;316
567;2514
568;215
569;2677
569;2746
570;258
571;2717
572;679
573;1382
574;1382
574;2537
574;2615
574;1291
574;1223
574;2873
575;2008
575;2501
576;821
576;2514
577;2607
577;2536
578;2718
578;2572
578;2505
579;215
579;2886
580;2632
580;2612
580;679
581;2506
581;2555
581;2697
581;71
581;2698
581;2699
581;27
581;2701
581;2702
581;2703
582;2645
582;2666
583;2536
584;1736
584;2514
585;2513
585;2515
585;2496
586;2503
588;2008
589;2504
590;731
591;1382
592;1382
593;2575
593;2505
593;2008
594;2505
595;258
596;2537
597;2541
598;2506
598;2513
599;2503
601;1195
601;2641
601;2642
601;2643
601;2501
601;2644
601;332
601;1195
601;2641
601;2642
601;2643
601;2501
601;2644
601;332
602;2502
603;2572
604;2545
604;2504
605;2501
606;2505
606;2575
607;2508
608;2495
608;2496
608;2497
608;2751
608;2752
608;2753
608;2496
609;2502
610;2505
611;2505
612;557
612;2506
613;679
614;2522
614;2523
614;2524
614;2525
614;2526
615;2505
616;2503
617;2634
618;2531
619;2504
620;913
621;2505
622;215
622;2504
623;2506
623;2574
624;1303
624;1381
624;2493
624;2622
624;1381
624;2559
624;2519
624;252
624;2574
626;2505
627;931
628;2595
628;2574
628;2537
629;931
630;2552
631;2505
633;2502
633;2599
634;2504
634;2545
637;1081
638;258
639;2494
639;2503
639;2652
639;2593
639;2638
639;2056
639;2524
639;1223
639;1223
639;2619
639;262
639;2621
639;2622
640;2503
641;279
642;2522
642;2523
642;2524
642;2525
642;2526
643;2513
644;2508
645;913
646;2505
647;2719
647;2401
647;459
647;2666
647;2669
647;2524
647;2605
648;2515
648;2496
648;2506
648;2545
649;2515
649;2496
650;2505
651;1382
651;2504
652;931
653;2574
654;2589
654;1545
654;2514
654;2505
654;2504
654;2607
654;215
655;2505
656;2877
656;2552
656;2552
656;2522
656;2523
656;2524
656;2525
656;2526
656;2634
656;2552
656;2502
657;2574
658;2522
658;2523
658;2524
658;2525
658;2526
659;258
659;2505
660;2681
660;2496
661;2505
662;2581
663;2504
663;2572
663;2584
664;258
665;1545
665;2514
666;2803
667;2629
668;2502
669;1564
669;2605
669;2494
669;1143
669;2504
669;1382
669;1382
669;2494
669;1382
670;2504
671;2504
672;2616
672;2515
672;2496
673;684
673;2502
674;2503
675;2545
676;2504
677;2537
677;1223
677;1223
677;1223
677;2619
677;262
677;2621
677;2622
678;2518
678;2008
678;2535
678;2496
678;2514
678;1382
678;2542
678;2543
678;2571
678;1381
678;2559
678;215
678;2514
678;2593
678;26
678;2601
678;1381
678;2497
678;25
678;2608
678;2609
678;2499
678;2623
678;2624
678;2625
678;2626
678;2627
678;2628
678;2585
678;1223
678;2656
678;2657
678;2514
678;2596
678;2664
678;2595
678;2665
678;684
678;2622
678;2537
678;2506
678;2676
678;2707
678;2546
678;2547
678;2672
678;2548
678;2504
678;2515
678;2496
678;2574
678;2746
678;2597
678;2727
678;2616
678;2572
678;2584
679;811
679;913
680;2505
680;258
680;2575
681;2508
681;2495
681;2496
681;2497
681;215
681;2501
682;2558
683;258
683;2505
684;2502
684;2503
684;2664
684;82
684;1381
684;2497
684;25
684;2504
684;2915
685;2522
685;2523
685;2524
685;2525
685;2526
685;2592
685;2634
686;2179
687;2531
688;2521
689;2681
689;2496
690;2522
690;2523
690;2524
690;2525
690;2526
690;2552
690;2637
690;2603
691;2502
692;215
693;552
693;2929
693;2947
693;2719
694;2589
696;2505
697;2589
698;264
699;2504
700;2558
701;2505
702;2505
703;913
704;2691
704;2604
705;2056
705;2524
706;2504
707;2505
708;2552
708;2635
709;2515
709;2496
710;2506
710;2056
710;2524
711;215
712;2584
713;2504
715;2505
716;82
716;33
716;2496
716;2546
716;2547
716;2494
717;2552
718;2622
718;2855
719;1382
720;2503
721;931
722;2502
722;2583
724;215
725;2631
726;2505
727;1894
727;2351
727;1202
727;216
727;778
727;2955
727;2912
727;2957
728;2667
729;2514
730;2552
731;2552
731;2634
731;2693
732;2505
732;2501
732;2495
732;2496
732;2497
733;2896
733;2745
733;2897
733;2497
733;2524
733;2505
734;2636
734;2522
734;2523
734;2524
734;2525
734;2526
735;908
736;2506
736;82
737;1906
738;2504
739;2495
739;2496
739;2497
740;2596
742;2505
743;2522
743;2523
743;2524
743;2525
743;2526
743;316
743;2514
744;258
745;2791
745;1075
745;2867
745;2616
745;2056
745;2524
745;2672
745;1115
746;1223
747;2505
748;2504
749;913
750;2506
751;1223
751;1223
751;2619
751;262
751;2621
751;2622
752;258
752;2537
752;2505
753;2506
754;82
754;2636
755;215
756;2694
756;2695
757;679
758;2504
760;2505
761;2519
761;252
761;2504
762;2585
763;258
764;2505
765;2572
766;2505
767;2522
767;2523
767;2524
767;2525
767;2526
767;2558
768;2505
769;2574
769;2751
769;2752
769;2753
769;2496
770;2754
771;2505
771;2504
772;2885
773;2503
774;267
774;2496
774;732
774;2515
774;2496
774;1382
774;2616
774;215
774;1223
774;2514
774;2762
774;2763
774;2506
774;2778
774;1303
774;1381
774;2493
774;1075
774;2056
774;2524
774;2628
774;2501
774;2008
775;2505
776;2572
777;2505
779;215
781;2504
781;2575
781;2513
782;1545
782;2514
783;2505
784;2505
785;2634
786;2539
786;254
786;2504
786;2501
787;2544
788;2515
788;2496
789;82
789;2504
789;1382
790;2545
791;2631
791;2499
792;1455
792;2513
792;2585
792;2578
792;2593
792;2517
792;215
792;2589
792;2607
792;2712
792;2669
792;2524
792;215
793;2505
794;2508
795;2515
795;2496
795;2727
796;2589
796;258
797;2658
797;2514
798;2056
798;2638
798;2544
798;2548
798;2754
798;2515
798;2496
798;1381
798;2497
798;25
798;2175
798;2524
798;2603
799;2505
800;2552
800;2558
801;2894
801;82
802;2545
802;258
803;2539
803;254
804;82
805;2618
807;679
807;2502
808;2505
809;258
810;2502
810;2634
812;2501
812;1545
813;215
814;2545
815;258
816;2672
817;2638
817;1382
818;2531
819;2517
819;1382
819;1545
819;2514
819;298
819;2915
819;2916
819;2919
819;2605
820;2008
820;2508
821;2504
822;2599
822;913
823;2581
823;2863
823;2589
823;2501
824;2008
825;2575
826;2859
826;286
826;2861
826;2862
827;2505
829;913
830;2504
831;2508
832;2504
833;2508
833;2541
834;2504
835;2505
837;2501
838;2505
839;2056
839;2504
840;2179
841;2505
842;258
843;2638
843;601
843;1195
843;2641
843;2642
843;2643
843;2501
843;2644
843;332
843;2537
844;2503
845;2548
846;2577
848;276
849;2505
850;2706
851;2545
852;316
852;2514
852;2637
852;2603
853;2634
853;2592
855;2636
856;821
856;2532
856;548
856;2533
856;2534
856;2538
856;821
856;2532
856;548
856;2533
856;2534
856;679
856;2637
856;2603
857;1223
858;2505
859;1382
859;2506
860;2728
860;2505
861;2552
862;2505
863;215
864;2505
865;2506
866;1223
866;1223
866;2619
866;262
866;2621
866;2622
867;2594
867;2606
868;2966
868;2966
870;2505
871;2504
872;255
873;2501
874;2506
874;2539
874;254
874;1545
874;2514
874;215
874;1382
874;1545
875;735
876;2503
876;1223
876;2515
876;2496
876;82
876;2506
877;1688
877;2633
877;735
878;2505
880;2536
881;2519
881;252
882;879
883;2909
884;261
885;913
885;2502
886;258
887;2518
888;2536
889;2504
890;2962
891;258
892;2596
893;2708
894;1115
894;2525
894;2592
894;2597
894;2552
894;2522
894;2523
894;2524
894;2525
894;2526
895;913
896;2739
897;1736
897;2514
897;2793
899;2008
899;1864
900;9
901;2548
902;2505
904;2727
904;2718
904;2548
904;2545
904;2515
904;2496
904;2574
905;1688
905;2633
905;2506
906;1223
906;2513
906;2622
908;265
908;2748
908;1291
908;2518
908;2494
908;28
908;2801
908;2615
908;2616
908;2748
908;2748
908;2748
909;2637
909;2603
909;2522
909;2523
909;2524
909;2525
909;2526
909;2552
910;1382
912;2497
912;2953
913;2766
914;2539
914;254
914;601
914;1195
914;2641
914;2642
914;2643
914;2501
914;2644
914;332
914;1688
914;2633
914;215
915;2546
915;2547
916;2505
917;2501
918;1955
918;879
919;2515
919;2496
919;2519
919;252
919;2504
919;2501
919;258
920;2522
920;2523
920;2524
920;2525
920;2526
921;2008
922;1382
923;2536
924;125
924;2823
925;2504
926;2544
926;2574
927;258
928;2589
928;2589
928;2497
928;2545
928;2539
928;254
929;2545
929;2504
929;2708
929;2542
930;279
930;2506
932;1053
932;137
932;1309
932;82
932;35
932;1121
932;2506
932;2736
932;2404
932;908
932;461
932;412
932;628
932;908
932;2748
932;1911
932;931
932;1688
932;2633
932;145
932;33
932;2496
932;1955
932;1613
932;2496
932;2109
932;2694
932;2695
932;2785
932;2786
932;2788
932;2514
932;2792
932;2797
932;2798
932;2806
932;2808
932;2524
932;2514
932;281
932;2812
932;2276
932;2716
932;389
932;2669
932;2817
932;2496
932;1115
932;2299
932;2819
932;1564
932;282
932;2821
932;2822
932;2827
932;279
932;2614
932;1314
932;2575
932;2615
932;128
932;283
932;2831
932;2832
932;2834
932;2835
932;284
932;2841
932;2842
932;2844
932;2845
932;2847
932;2848
932;2784
932;2849
932;285
932;1223
932;2851
932;128
932;283
932;2831
932;2832
932;2865
932;2866
932;2846
932;2524
932;1955
932;2655
932;992
932;2871
932;2872
932;2846
932;2774
932;1223
932;2714
932;2781
932;892
932;2877
932;2883
932;2884
932;2855
932;2888
932;2496
932;2336
932;2638
932;2784
932;1554
932;2778
932;2901
932;1356
932;2401
932;1154
932;2927
932;2056
932;2524
932;2875
933;2505
934;2522
934;2523
934;2524
934;2525
934;2526
935;2589
935;2541
936;2775
936;2734
936;2733
937;2505
937;2727
938;1545
939;1545
939;2514
940;2791
941;2634
942;2505
943;2791
944;679
945;2513
945;1381
945;2497
945;25
946;1545
946;2514
947;2513
948;2514
948;2582
948;2637
948;2603
948;2502
948;2634
948;2558
948;2522
948;2523
948;2524
948;2525
948;2526
949;1545
950;2502
951;2505
952;2537
953;679
954;2538
954;821
954;2532
954;548
954;2533
954;2534
954;2502
955;2504
955;2854
956;2714
957;2505
957;2504
958;98
959;2634
960;2506
960;2505
960;2504
961;2502
962;2637
962;2603
963;1545
963;2514
964;2628
964;2056
965;679
966;2401
966;2507
967;2505
968;2517
969;2663
972;215
973;679
974;258
975;2636
975;2501
976;1545
976;2514
976;2501
976;258
977;2504
977;82
978;2507
978;2836
979;2552
979;679
979;679
979;2597
979;2522
979;2523
979;2524
979;2525
979;2526
979;2502
979;2772
979;2773
979;2783
979;2635
979;913
981;2805
981;2739
982;2498
983;2505
984;2552
985;2522
985;2523
985;2524
985;2525
985;2526
986;2767
986;2514
986;2768
987;2591
988;2515
988;2496
989;2579
989;2501
989;2517
989;2519
989;252
989;2508
989;1223
989;1223
989;2619
989;262
989;2621
989;2622
989;2761
989;2608
989;2575
989;2779
989;2761
989;2843
989;269
989;1689
990;2501
990;2498
991;2504
992;2778
993;2522
993;2523
993;2524
993;2525
993;2526
994;2056
994;2524
995;1382
997;2505
997;2504
998;2578
999;2505
1000;2599
1001;258
1002;913
1003;2498
1005;2505
1006;2575
1007;679
1008;2502
1009;2056
1010;2502
1010;2634
1011;2056
1011;2505
1011;215
1011;215
1011;215
1011;2886
1012;2637
1012;2603
1012;2599
1013;218
1013;2828
1013;2829
1013;2589
1013;2838
1013;2603
1013;2537
1013;2513
1014;2616
1014;2548
1015;913
1016;2599
1017;2634
1019;82
1020;258
1020;2505
1021;215
1022;2505
1023;2505
1024;2755
1024;2756
1024;1593
1024;2757
1024;2555
1024;2758
1024;2501
1024;2746
1025;2109
1026;2541
1027;2504
1028;2552
1028;913
1029;1223
1029;1223
1029;2619
1029;262
1029;2621
1029;2622
1030;2545
1031;2056
1031;2524
1031;2507
1031;684
1032;2513
1033;2713
1033;2518
1033;2515
1033;2496
1034;114
1035;215
1036;2589
1037;2539
1037;254
1038;2505
1039;2667
1040;2638
1041;879
1041;2501
1042;2546
1042;2547
1042;2545
1043;2504
1044;2505
1045;2513
1046;2536
1046;2536
1046;2607
1046;2536
1046;2604
1046;2536
1047;258
1047;258
1048;2546
1048;2547
1048;2629
1049;1223
1049;1223
1049;2619
1049;262
1049;2621
1049;2622
1050;2401
1051;2505
1052;258
1054;2056
1055;2636
1056;258
1057;2616
1057;2615
1057;267
1057;2496
1057;2575
1057;2737
1057;258
1058;735
1058;2518
1058;2501
1059;2504
1060;2548
1061;2505
1062;2632
1062;2718
1063;2515
1063;2496
1063;1382
1064;2599
1066;2815
1067;1223
1067;1223
1067;2619
1067;262
1067;2621
1067;2622
1067;1545
1067;2514
1067;33
1067;2496
1067;1202
1068;2574
1069;2617
1069;2513
1070;1303
1070;1381
1070;2493
1071;1381
1071;2559
1072;265
1073;2544
1074;2522
1074;2523
1074;2524
1074;2525
1074;2526
1076;2694
1076;2695
1077;258
1077;2175
1077;2524
1077;2603
1077;1381
1077;2497
1077;25
1077;2507
1078;559
1079;2505
1080;2496
1082;1081
1083;2616
1084;2498
1085;2504
1087;258
1087;2495
1087;2496
1087;2497
1088;679
1089;2504
1090;2498
1091;2505
1091;2577
1092;2505
1093;2505
1094;1381
1094;2497
1094;25
1095;2502
1096;2502
1097;2693
1098;2056
1099;2505
1100;316
1100;2514
1101;258
1102;2501
1103;913
1103;336
1103;296
1103;2961
1104;1381
1104;2497
1104;25
1105;2505
1106;2759
1107;2519
1107;252
1108;2505
1109;2502
1110;2747
1110;2496
1111;2008
1111;2544
1112;2505
1113;2515
1113;2496
1114;2514
1114;2514
1115;2529
1115;2525
1115;2525
1115;2647
1115;2613
1116;2575
1116;1381
1116;2559
1116;82
1116;1689
1116;1381
1116;2497
1116;25
1117;821
1117;2532
1117;548
1117;2533
1117;2534
1117;931
1118;1223
1119;2056
1119;2524
1120;2729
1120;273
1120;2731
1120;2496
1120;2589
1120;2497
1121;277
1121;2506
1121;2736
1122;2545
1123;679
1124;2504
1125;2502
1126;2505
1127;251
1127;2511
1128;2169
1128;2507
1129;2008
1129;2572
1129;2584
1129;1545
1129;2514
1129;2504
1130;2505
1131;2008
1131;1381
1131;2497
1131;25
1133;2522
1133;2523
1133;2524
1133;2525
1133;2526
1134;2591
1134;2632
1135;2781
1136;2852
1137;2572
1137;2504
1138;215
1139;258
1140;2522
1140;2523
1140;2524
1140;2525
1140;2526
1140;2502
1141;2513
1144;2887
1145;1545
1145;2514
1146;2548
1147;2504
1148;913
1149;2505
1150;2737
1152;2549
1152;258
1153;2536
1154;2927
1154;2525
1155;215
1155;258
1156;2504
1157;2504
1158;2833
1158;2515
1158;2496
1158;2545
1159;2515
1159;2496
1160;2622
1160;2505
1161;2545
1161;2169
1161;2504
1162;2513
1163;2544
1164;2505
1164;2589
1164;2497
1165;2056
1165;258
1165;2505
1166;2506
1167;1382
1168;2635
1169;1382
1169;2572
1169;2639
1169;1382
1169;2503
1170;1688
1170;2633
1171;2505
1172;2504
1173;2505
1174;258
1174;258
1174;2505
1175;1397
1176;258
1176;258
1177;2506
1178;2515
1178;2496
1179;2542
1181;2502
1182;82
1183;2505
1184;2521
1185;2505
1186;2504
1186;2553
1186;2554
1186;2526
1186;2555
1186;2524
1186;2556
1186;2557
1186;82
1187;2502
1188;258
1189;2727
1190;2519
1190;252
1191;2504
1192;2537
1192;2504
1192;2401
1192;2501
1193;2542
1194;2505
1195;601
1195;2641
1195;2642
1195;2643
1195;2501
1195;2644
1195;332
1196;2572
1196;2401
1197;1303
1197;1381
1197;2493
1198;2504
1199;2505
1200;2552
1200;2502
1201;2505
1202;215
1202;2545
1203;2505
1204;2634
1206;2501
1206;2541
1206;2506
1207;2574
1208;2505
1209;215
1209;271
1209;2712
1210;2689
1210;2514
1210;2692
1210;2716
1210;2572
1210;2544
1210;2742
1210;2743
1210;2744
1210;2769
1210;2578
1210;2589
1210;2497
1210;215
1210;2401
1210;258
1210;258
1210;2589
1210;267
1210;2496
1210;2769
1210;2965
1210;2521
1210;2531
1210;2594
1210;2559
1210;2774
1210;2517
1210;2589
1210;2505
1211;2504
1212;2494
1213;2874
1214;1382
1215;2503
1215;2575
1216;2501
1217;931
1218;2615
1219;2637
1219;2603
1220;2505
1221;2531
1221;258
1222;258
1222;2505
1223;2713
1224;1223
1225;2515
1225;2496
1226;1381
1227;2351
1228;821
1228;2532
1228;548
1228;2533
1228;2534
1229;258
1230;2949
1230;295
1230;2751
1230;2752
1230;2753
1230;2496
1231;2504
1232;2515
1232;2496
1232;2545
1233;2541
1234;2636
1235;2517
1236;1223
1237;2573
1238;2505
1239;2505
1239;1223
1240;2531
1241;2505
1242;2517
1243;2505
1244;2502
1245;258
1246;931
1247;2817
1247;2496
1247;735
1248;2501
1249;2506
1250;2504
1250;82
1251;2505
1252;2545
1253;2505
1254;601
1254;1195
1254;2641
1254;2642
1254;2643
1254;2501
1254;2644
1254;332
1255;2552
1256;2506
1257;931
1258;2504
1259;11
1259;2545
1259;2513
1260;2505
1261;2646
1261;2525
1262;2504
1263;2105
1263;2524
1263;2571
1264;2519
1264;252
1264;2505
1264;2575
1265;2505
1266;2522
1266;2523
1266;2524
1266;2525
1266;2526
1266;2902
1267;215
1268;2595
1268;1115
1269;2505
1270;2545
1270;2506
1271;2502
1272;258
1273;908
1273;2537
1273;684
1273;1398
1274;2515
1274;2496
1275;2536
1275;2607
1276;2056
1276;2504
1276;2501
1277;2531
1279;2545
1280;2508
1281;2505
1282;2401
1283;2539
1283;254
1284;2502
1285;2548
1286;2505
1287;2541
1288;2541
1288;258
1289;1382
1290;2572
1290;2584
1290;82
1290;2504
1291;2545
1292;2498
1292;2505
1293;2545
1294;2505
1295;2505
1296;259
1296;2505
1297;2502
1298;2505
1299;2545
1300;2505
1301;2504
1302;2545
1302;2707
1302;2574
1303;1381
1303;2497
1303;25
1303;2401
1303;2713
1304;2505
1305;416
1306;2504
1306;2505
1307;2505
1308;2574
1308;2504
1310;2704
1311;2505
1312;2575
1313;2581
1315;2908
1315;2908
1315;2917
1315;2653
1315;1223
1315;2605
1315;2666
1316;2502
1317;2505
1318;2506
1319;2595
1320;2504
1320;2505
1321;2502
1322;2545
1323;601
1323;1195
1323;2641
1323;2642
1323;2643
1323;2501
1323;2644
1323;332
1323;2531
1324;1223
1324;2648
1325;2501
1326;2505
1327;2505
1328;2542
1328;2504
1328;1223
1329;1143
1330;1397
1330;2574
1330;2575
1331;2506
1332;2791
1333;2505
1334;931
1335;931
1335;2607
1336;2541
1337;2507
1338;2545
1339;2791
1340;2504
1341;2572
1341;1545
1341;2514
1342;2505
1343;2552
1343;2677
1343;913
1343;2552
1344;2502
1345;2575
1346;679
1347;2505
1348;1911
1349;2505
1350;2531
1351;1382
1352;2795
1352;258
1352;2505
1353;2548
1354;2505
1355;2504
1355;2705
1355;258
1355;258
1357;1736
1357;2514
1357;2505
1358;1381
1358;2559
1359;1075
1360;2755
1360;2756
1360;1593
1360;2757
1360;2555
1360;2758
1361;2544
1362;2558
1363;2501
1364;269
1364;2501
1365;723
1365;2791
1365;2948
1367;2502
1368;2507
1369;2602
1369;2603
1371;259
1372;2505
1373;2549
1373;2519
1373;252
1375;2502
1376;2531
1377;2504
1377;1545
1377;2514
1378;2539
1378;254
1379;2522
1379;2523
1379;2524
1379;2525
1379;2526
1379;2634
1380;2505
1380;1382
1381;2497
1381;25
1381;1075
1383;2552
1384;679
1385;875
1385;2544
1386;2508
1386;1143
1386;2956
1387;2501
1388;2583
1389;2513
1390;2502
1390;2583
1391;2741
1392;1223
1393;1223
1393;2514
1393;2762
1393;2763
1394;735
1394;1303
1394;1381
1394;2493
1395;2504
1395;1545
1395;2514
1396;913
1397;2056
1397;2524
1398;1223
1398;2548
1398;2494
1398;2494
1398;2781
1398;2818
1398;2603
1398;2514
1398;78
1398;1291
1398;33
1398;2496
1398;2638
1398;2666
1398;2605
1398;2947
1398;2719
1398;29
1398;778
1398;1202
1398;2317
1398;459
1398;587
1398;2537
1398;2754
1399;2638
1401;601
1401;1195
1401;2641
1401;2642
1401;2643
1401;2501
1401;2644
1401;332
1402;2589
1402;2497
1402;684
1402;2666
1402;2545
1402;2501
1402;2531
1402;215
1403;2531
1404;215
1404;29
1405;2508
1406;2504
1407;2501
1407;2575
1408;1381
1408;2497
1408;25
1409;293
1410;735
1410;2622
1410;2621
1410;2913
1410;2505
1410;2504
1411;2545
1411;2539
1411;254
1411;1143
1412;2552
1413;2545
1414;2506
1414;2959
1415;2505
1416;2594
1416;2559
1416;2525
1417;2494
1418;2504
1419;2504
1420;2504
1422;215
1423;2056
1423;2497
1423;2876
1423;2603
1424;258
1425;2673
1425;731
1425;2591
1425;2635
1426;254
1427;2545
1428;2599
1429;913
1430;2539
1430;254
1430;2501
1430;1382
1430;2605
1430;1397
1430;1545
1430;2514
1430;1143
1430;2056
1431;258
1431;2504
1432;2505
1433;2882
1434;2504
1435;2544
1435;2638
1436;2505
1437;2504
1438;2494
1439;2501
1440;2655
1441;2667
1442;258
1444;2531
1445;2718
1446;2548
1448;2542
1449;821
1449;2532
1449;548
1449;2533
1449;2534
1450;258
1451;1075
1451;1382
1451;2505
1451;2506
1451;1223
1451;1535
1451;2544
1451;2727
1451;1381
1451;2497
1451;25
1451;2615
1452;2589
1453;2505
1454;2504
1455;2575
1455;215
1456;679
1456;316
1456;2514
1456;2552
1456;2591
1457;2575
1458;2574
1458;2515
1458;2496
1458;2663
1458;2504
1458;2503
1458;2732
1458;2524
1458;2733
1458;2734
1458;2735
1458;2616
1458;1223
1458;2628
1458;215
1459;2504
1460;2611
1461;2727
1461;2504
1463;2548
1464;1223
1464;1223
1464;2619
1464;262
1464;2621
1464;2622
1464;2548
1465;2504
1466;735
1467;2574
1467;2515
1467;2496
1467;1381
1467;2497
1467;25
1468;2515
1468;2496
1468;2574
1468;2503
1469;2603
1469;2514
1470;2546
1470;2547
1470;2629
1470;274
1471;2545
1472;2646
1472;2525
1473;2638
1474;2544
1475;2552
1476;2504
1477;258
1478;2552
1479;2505
1480;2664
1480;2572
1480;2708
1480;2504
1480;2506
1480;2574
1481;679
1482;2505
1483;1223
1483;2008
1484;929
1484;2506
1484;2539
1484;254
1485;1381
1485;2497
1485;25
1486;2505
1487;2505
1488;2175
1488;2524
1488;2603
1488;2515
1488;2496
1489;2522
1489;2523
1489;2524
1489;2525
1489;2526
1490;2507
1490;215
1491;2505
1492;1223
1492;2514
1492;2762
1492;2763
1493;2634
1494;2505
1495;2782
1496;2513
1497;2008
1498;82
1499;2537
1500;2548
1501;2881
1502;2615
1502;735
1502;2575
1502;2614
1503;2008
1504;2505
1505;879
1506;2507
1507;2589
1507;2504
1508;2544
1509;2502
1510;2505
1511;2808
1511;2524
1511;2514
1512;2657
1512;2669
1512;2749
1512;2878
1512;2879
1512;288
1512;1223
1512;2817
1512;2496
1513;2505
1514;2502
1515;258
1515;2505
1516;931
1517;258
1518;258
1519;2708
1520;2615
1521;2401
1522;821
1522;2514
1523;2616
1524;2531
1525;1303
1525;1381
1525;2493
1525;1381
1525;2497
1525;25
1525;1381
1525;1381
1525;2559
1526;2544
1527;2505
1528;215
1528;2156
1528;2654
1528;2496
1528;2514
1528;2603
1528;2524
1528;1081
1530;2515
1530;2496
1530;2504
1531;2505
1532;2505
1533;2505
1533;258
1534;2546
1534;2547
1535;2501
1536;2505
1537;2694
1537;2695
1539;2518
1539;215
1539;2504
1539;2574
1540;25
1541;2599
1542;215
1543;258
1543;2505
1544;2506
1546;289
1547;931
1548;2635
1549;2541
1549;2505
1550;2502
1551;2505
1552;2638
1553;1224
1554;2596
1555;2581
1556;2636
1557;2727
1558;2504
1559;2594
1559;2559
1559;2774
1559;2505
1560;2507
1561;2505
1562;2754
1563;2505
1565;679
1566;587
1566;2539
1566;254
1566;2056
1567;2575
1568;1058
1569;2056
1569;2524
1569;2498
1570;2505
1571;2501
1571;2504
1572;2558
1573;2638
1574;258
1575;2863
1575;2589
1576;407
1576;2514
1576;1736
1576;2514
1576;2499
1577;2503
1578;2574
1579;2672
1580;2503
1581;2504
1582;2056
1582;2524
1583;2502
1584;258
1585;2661
1586;2501
1586;2602
1586;2603
1587;272
1587;2721
1587;2722
1587;2503
1587;2723
1587;2724
1587;2725
1587;2675
1588;1382
1588;1382
1588;1382
1589;601
1589;1195
1589;2641
1589;2642
1589;2643
1589;2501
1589;2644
1589;332
1590;2505
1590;2503
1591;2776
1592;2536
1593;2517
1594;2531
1595;2694
1595;2695
1596;2537
1597;2505
1598;2673
1598;821
1599;2578
1600;104
1601;2507
1602;2542
1603;2581
1604;2505
1604;258
1605;1381
1605;2497
1605;25
1605;2504
1606;258
1607;2538
1607;821
1607;2532
1607;548
1607;2533
1607;2534
1608;2504
1608;2574
1608;2548
1608;82
1609;2522
1609;2523
1609;2524
1609;2525
1609;2526
1609;2612
1610;1381
1610;2559
1611;931
1612;2605
1612;2056
1612;2603
1612;2514
1612;1382
1612;2794
1612;1143
1612;2653
1612;735
1613;2496
1614;2599
1615;879
1616;2505
1616;2501
1617;2669
1617;1381
1617;2497
1617;25
1618;879
1619;2665
1619;2589
1619;2794
1619;1554
1619;2758
1620;2505
1621;908
1622;2548
1622;2515
1622;2496
1623;2612
1624;2634
1625;2558
1626;2522
1626;2523
1626;2524
1626;2525
1626;2526
1627;515
1627;1781
1627;635
1627;1824
1627;948
1627;2514
1627;2582
1627;1908
1627;1062
1627;1965
1627;996
1627;2278
1627;2674
1627;2675
1627;182
1627;2294
1627;679
1627;913
1627;679
1627;2573
1627;291
1627;679
1627;2552
1627;1672
1628;2499
1628;2545
1628;2504
1629;2504
1630;2501
1631;2628
1632;679
1633;2522
1633;2523
1633;2524
1633;2525
1633;2526
1634;258
1635;1381
1635;2497
1635;25
1636;2636
1637;2515
1637;2496
1638;2056
1639;2504
1640;913
1640;2502
1640;679
1641;2545
1641;2504
1642;2504
1643;2504
1644;2635
1645;2537
1646;2516
1646;2008
1646;2505
1647;2522
1647;2523
1647;2524
1647;2525
1647;2526
1647;2612
1648;2505
1648;2589
1649;879
1649;1314
1649;1223
1649;908
1650;2505
1651;2536
1652;215
1653;2508
1654;2505
1655;908
1656;2495
1656;2496
1656;2497
1657;2634
1658;2518
1659;2572
1659;2574
1660;2809
1660;2774
1660;2559
1660;2556
1661;2585
1662;1545
1662;2514
1662;2672
1663;2504
1664;2169
1664;2517
1665;1382
1666;33
1666;2496
1667;2573
1668;2636
1669;2505
1671;679
1673;2545
1673;2504
1674;2505
1675;2508
1676;2634
1677;82
1677;2727
1677;879
1678;1381
1678;2497
1678;25
1679;2537
1680;931
1681;1545
1682;2506
1683;2502
1684;1382
1685;258
1686;2515
1686;2496
1686;215
1686;2495
1686;2496
1686;2497
1686;1545
1686;2514
1686;908
1687;2545
1687;1223
1688;2633
1689;2628
1690;258
1691;2552
1692;258
1693;258
1693;2504
1694;2655
1694;2498
1695;2933
1695;2751
1695;2934
1695;2935
1695;2936
1695;2495
1695;2937
1695;2938
1695;2939
1695;294
1695;2941
1695;2942
1695;2943
1695;2944
1695;2945
1695;1684
1696;2008
1697;1382
1698;215
1699;2544
1700;2655
1701;1665
1701;1665
1702;2502
1703;2589
1703;2579
1703;2505
1703;258
1703;2504
1703;2539
1703;254
1704;2504
1705;2636
1706;2505
1707;2545
1708;2505
1709;1223
1710;2498
1710;2505
1711;2505
1712;2504
1713;2504
1714;2505
1715;2401
1717;2575
1718;2505
1718;1955
1719;2506
1720;2522
1720;2523
1720;2524
1720;2525
1720;2526
1721;2501
1722;258
1723;258
1724;2504
1725;2505
1726;2837
1727;2504
1729;2713
1729;2496
1730;267
1730;2496
1731;2951
1732;2505
1733;2504
1734;2581
1734;2501
1734;2708
1734;2494
1734;2636
1734;2505
1734;2545
1734;258
1734;2515
1734;2496
1734;1381
1734;2497
1734;25
1734;33
1734;2496
1734;2008
1735;258
1736;2514
1736;2514
1737;2505
1738;1223
1739;1382
1740;258
1741;2505
1742;215
1743;2666
1743;2501
1744;145
1745;2889
1746;2505
1747;215
1748;2504
1749;2615
1750;2595
1750;2504
1751;2505
1752;145
1752;1613
1752;2496
1752;87
1752;1469
1752;2603
1752;2514
1752;2802
1752;2056
1752;2531
1753;2598
1754;2505
1755;2515
1755;2496
1756;82
1757;1223
1757;1223
1757;2619
1757;262
1757;2621
1757;2622
1757;1223
1758;2592
1759;2515
1759;2496
1760;2503
1761;2599
1762;2495
1762;2496
1762;2497
1762;2527
1762;2528
1763;2506
1764;2503
1764;2515
1764;2496
1764;2513
1764;2504
1765;2537
1765;1223
1765;1223
1765;1223
1765;2619
1765;262
1765;2621
1765;2622
1765;2515
1765;2496
1765;1397
1765;2531
1765;2517
1765;1381
1765;2559
1765;2727
1766;2531
1767;2799
1767;2754
1767;2519
1767;252
1768;2574
1768;258
1770;2505
1771;2634
1772;215
1773;2501
1774;2545
1774;2585
1775;1223
1776;2515
1776;2496
1777;2539
1777;254
1777;2505
1778;1143
1779;258
1780;2504
1780;2541
1782;2505
1783;2505
1784;2504
1785;2505
1786;2672
1787;2505
1788;2294
1788;2552
1789;2502
1790;2837
1790;2558
1790;2502
1791;2506
1791;2537
1791;2505
1792;316
1792;2514
1793;258
1794;2514
1795;2504
1796;2536
1797;2501
1798;2515
1798;2496
1799;2504
1800;735
1801;2401
1802;2515
1802;2496
1803;2056
1804;2653
1805;2545
1806;2663
1806;601
1806;1195
1806;2641
1806;2642
1806;2643
1806;2501
1806;2644
1806;332
1807;2597
1808;2573
1809;215
1810;2612
1810;2581
1811;2517
1812;2607
1813;1081
1814;2505
1815;2638
1816;2597
1817;2764
1817;2765
1818;2597
1818;2522
1818;2523
1818;2524
1818;2525
1818;2526
1819;258
1821;2634
1822;2505
1823;931
1825;2545
1827;1223
1828;258
1829;258
1830;2541
1831;2522
1831;2523
1831;2524
1831;2525
1831;2526
1832;82
1833;2594
1833;2559
1833;2774
1834;2977
1834;2603
1834;2964
1834;2925
1834;2978
1834;2824
1834;2768
1834;2945
1834;2675
1835;2505
1835;2541
1836;2548
1837;2506
1838;2513
1839;2672
1840;2226
1841;2519
1841;252
1842;2967
1842;2525
1843;2709
1844;2505
1844;1075
1844;2541
1845;258
1846;2541
1847;2536
1847;2536
1847;2607
1847;2536
1847;2604
1847;2536
1848;2512
1848;215
1849;2505
1850;2601
1850;2628
1850;2639
1850;2506
1850;2665
1850;1223
1850;1223
1850;2619
1850;262
1850;2621
1850;2622
1850;1381
1850;2559
1850;215
1851;2504
1853;2505
1853;2595
1854;2505
1855;2573
1856;913
1856;2612
1856;2592
1856;2552
1856;2558
1856;2502
1857;258
1857;1143
1858;258
1859;879
1860;2541
1860;2505
1861;684
1862;258
1863;2503
1863;2508
1865;2545
1866;2669
1866;2524
1867;253
1868;2573
1869;913
1870;453
1871;2652
1871;2614
1872;2501
1873;1381
1873;2559
1873;1223
1873;1223
1873;2619
1873;262
1873;2621
1873;2622
1873;312
1873;2634
1873;2584
1874;2513
1875;2505
1876;2507
1876;1741
1876;2056
1877;2505
1878;2545
1879;2506
1880;2898
1881;2575
1882;1223
1882;215
1883;2572
1883;2504
1884;2504
1885;2608
1885;2609
1885;2572
1886;2507
1887;931
1888;2664
1888;2574
1889;258
1890;2505
1891;82
1892;2552
1893;1223
1895;2504
1896;2505
1897;601
1897;1195
1897;2641
1897;2642
1897;2643
1897;2501
1897;2644
1897;332
1898;265
1899;2519
1899;252
1899;697
1899;2971
1899;2555
1899;2526
1899;2554
1899;2972
1899;2905
1899;2501
1899;2838
1899;2723
1899;2973
1899;2974
1899;2975
1899;2976
1899;296
1900;258
1901;2513
1901;2589
1902;2505
1903;2813
1903;2506
1904;601
1904;1195
1904;2641
1904;2642
1904;2643
1904;2501
1904;2644
1904;332
1905;82
1906;2677
1906;2045
1906;645
1906;504
1906;2
1906;2773
1906;2563
1906;2906
1906;2496
1907;1223
1909;2505
1910;2502
1912;2508
1913;1382
1914;2505
1915;1223
1915;1223
1915;2619
1915;262
1915;2621
1915;2622
1916;828
1917;2522
1917;2523
1917;2524
1917;2525
1917;2526
1918;2968
1918;2969
1919;2504
1920;1545
1920;2514
1920;2513
1920;258
1921;2599
1922;2545
1922;2501
1923;2508
1923;2655
1923;258
1924;2505
1925;2504
1926;2502
1927;2667
1928;1382
1929;2513
1931;2505
1932;258
1933;2537
1933;1223
1933;1223
1933;1223
1933;2619
1933;262
1933;2621
1933;2622
1934;1382
1935;1529
1935;2893
1935;2243
1935;2585
1936;1911
1937;2531
1938;2505
1939;1058
1939;684
1939;2502
1940;2504
1941;2548
1942;258
1942;2008
1943;2784
1944;2504
1945;2505
1946;2571
1947;2546
1947;2547
1947;2548
1948;2545
1949;2519
1949;252
1950;2505
1951;2507
1952;2505
1953;278
1954;2504
1955;344
1955;2496
1955;2586
1955;2587
1955;2588
1955;1314
1955;879
1955;2544
1955;2846
1955;2524
1956;2589
1956;2497
1956;1291
1956;1303
1956;1381
1956;2493
1957;2505
1958;2537
1959;2708
1960;2505
1961;2595
1961;2537
1961;2713
1961;1223
1962;2504
1963;2616
1964;2498
1966;2882
1967;2505
1968;2776
1968;2558
1969;2505
1970;2505
1971;2505
1972;2505
1973;2506
1974;114
1975;2535
1975;2496
1975;2514
1975;1223
1975;1223
1975;2619
1975;262
1975;2621
1975;2622
1976;2505
1977;2505
1978;2401
1978;2575
1979;679
1980;2505
1981;2505
1982;2505
1983;258
1984;2505
1985;2577
1986;684
1986;2502
1986;2816
1986;2875
1986;48
1987;2505
1988;2505
1989;2708
1990;104
1991;2558
1992;2169
1993;2546
1993;2547
1993;2495
1993;2496
1993;2497
1994;258
1995;601
1995;1195
1995;2641
1995;2642
1995;2643
1995;2501
1995;2644
1995;332
1996;2505
1997;2336
1998;684
1999;258
2000;2501
2001;2772
2001;2773
2001;2597
2001;2552
2001;2931
2002;679
2002;2502
2003;2505
2004;2515
2004;2496
2005;2539
2005;254
2005;258
2005;2501
2006;2519
2006;252
2007;316
2007;2514
2008;2537
2008;2603
2008;2515
2008;2496
2008;2506
2009;2664
2010;2502
2010;2591
2010;2573
2011;2505
2012;2638
2013;684
2013;2737
2014;2951
2015;2504
2015;2542
2015;684
2016;1382
2017;2505
2018;1382
2018;2508
2018;2503
2019;2502
2020;2558
2020;2552
2021;2501
2022;215
2023;258
2024;1911
2025;679
2026;2575
2026;2504
2027;2574
2028;2589
2029;2105
2029;2524
2029;908
2030;2548
2030;2727
2031;2175
2031;2524
2031;2603
2032;2505
2032;125
2032;684
2032;2502
2033;2595
2034;2637
2034;2603
2035;2583
2036;258
2037;2537
2037;2504
2037;2545
2038;2518
2039;2546
2039;2547
2040;2504
2041;1906
2041;1906
2042;2505
2043;2513
2043;2548
2044;2505
2046;2494
2047;82
2048;601
2048;1195
2048;2641
2048;2642
2048;2643
2048;2501
2048;2644
2048;332
2049;2615
2049;1564
2049;1381
2049;2559
2049;1381
2050;215
2051;2509
2051;1143
2051;215
2052;2804
2053;2616
2053;2708
2053;2505
2054;2522
2054;2523
2054;2524
2054;2525
2054;2526
2055;679
2055;679
2056;2524
2057;1223
2058;2634
2059;2676
2061;1382
2062;1649
2063;2536
2063;2607
2064;2522
2064;2523
2064;2524
2064;2525
2064;2526
2065;258
2066;931
2067;2805
2068;2498
2069;1303
2069;1381
2069;2493
2070;2548
2071;29
2072;2596
2073;679
2074;2515
2074;2496
2074;1081
2075;2505
2077;2548
2078;2572
2078;2521
2079;258
2080;2515
2080;2496
2081;2505
2082;2535
2082;2496
2082;2514
2083;2505
2084;2551
2085;2589
2085;2008
2086;2505
2087;2506
2088;2504
2089;2572
2090;258
2091;2505
2091;215
2093;2505
2094;1381
2096;2505
2097;2501
2099;258
2100;2505
2101;2605
2101;386
2101;2746
2101;2727
2101;2616
2101;2572
2101;2584
2101;82
2101;2548
2101;2504
2102;2505
2103;2515
2103;2496
2104;215
2104;2544
2105;2524
2106;1381
2106;2559
2106;2506
2106;2676
2106;2574
2106;2503
2107;2541
2108;2677
2108;2552
2108;2552
2108;2612
2110;2653
2110;1689
2111;215
2111;215
2111;2774
2111;2524
2111;2981
2112;2574
2112;2505
2113;2502
2114;2807
2115;2505
2116;215
2116;2505
2118;2505
2119;215
2120;2504
2121;2505
2122;258
2122;2505
2123;1381
2123;2497
2123;25
2124;2505
2125;2505
2126;2637
2126;2603
2127;1075
2128;2504
2129;2857
2129;1688
2129;2858
2130;2505
2131;2502
2132;2545
2133;2504
2134;2637
2134;2603
2135;2583
2135;2522
2135;2523
2135;2524
2135;2525
2135;2526
2136;2594
2136;2559
2136;2774
2137;2505
2138;1382
2139;258
2140;2574
2141;2918
2141;258
2142;2781
2143;1381
2143;2497
2143;25
2143;2513
2144;275
2145;2599
2146;2056
2147;1081
2147;2505
2147;1538
2147;215
2148;2545
2148;2517
2148;2521
2148;2008
2148;2869
2149;258
2150;2595
2151;2572
2151;2506
2151;2539
2151;254
2152;2572
2152;2505
2153;2515
2153;2496
2154;2503
2155;2505
2155;2504
2156;2654
2156;2496
2156;2514
2156;2603
2156;2524
2156;2504
2157;2505
2158;2501
2159;2708
2161;1381
2161;2497
2161;25
2162;2659
2162;266
2163;1545
2163;2514
2164;2505
2165;2501
2166;2544
2167;258
2167;2914
2168;2505
2169;2714
2170;2501
2171;679
2172;2504
2173;2008
2173;1075
2173;215
2173;601
2173;1195
2173;2641
2173;2642
2173;2643
2173;2501
2173;2644
2173;332
2173;1223
2173;2401
2173;2516
2173;1143
2174;1223
2176;2504
2177;2504
2177;2505
2178;2552
2178;2634
2178;2558
2178;2502
2180;2828
2180;2829
2181;1381
2181;2559
2182;2531
2183;1382
2183;1143
2183;2508
2184;2522
2184;2523
2184;2524
2184;2525
2184;2526
2185;215
2186;2505
2187;2506
2188;2504
2189;2494
2189;2548
2189;2544
2190;2505
2191;2502
2191;2583
2191;2599
2191;2552
2191;2522
2191;2523
2191;2524
2191;2525
2191;2526
2192;2504
2193;2572
2193;2719
2193;2727
2193;82
2194;2505
2195;2495
2195;2496
2195;2497
2196;1382
2196;931
2197;2599
2198;2522
2198;2523
2198;2524
2198;2525
2198;2526
2199;2612
2200;2599
2201;2506
2202;2505
2202;2544
2202;2056
2203;971
2204;931
2205;2505
2206;2175
2206;2524
2206;2603
2207;2531
2208;2505
2209;2505
2210;2508
2210;2519
2210;252
2211;215
2212;2548
2213;2551
2214;2505
2214;2589
2215;913
2216;2513
2216;2504
2217;2544
2217;2545
2217;2574
2217;1382
2218;2507
2218;2505
2218;2928
2219;2802
2220;2502
2221;469
2221;679
2221;2552
2221;2634
2222;258
2223;2502
2224;2501
2225;1381
2225;2497
2225;25
2227;2505
2227;2638
2228;2505
2229;2655
2229;2506
2229;2574
2230;2672
2231;2612
2232;2498
2233;2505
2234;215
2234;2504
2235;2638
2236;2401
2236;1223
2236;2056
2236;29
2236;2507
2236;2672
2237;2544
2238;2539
2238;254
2238;2503
2238;2517
2238;2501
2238;2589
2238;2497
2238;2515
2238;2496
2238;2545
2239;2503
2240;931
2241;2504
2242;2505
2243;1529
2243;2893
2244;2505
2245;2545
2247;2502
2248;258
2249;2506
2250;2542
2250;1223
2250;2781
2251;1736
2251;2514
2251;2515
2251;2496
2252;2504
2253;1864
2253;908
2253;1382
2254;2505
2255;2056
2255;2524
2256;2708
2257;2536
2257;2536
2257;2607
2257;2536
2257;2604
2258;1223
2259;2521
2260;2505
2262;7
2262;2612
2262;2634
2262;2583
2262;2552
2262;2558
2262;2552
2262;2502
2263;2505
2264;679
2265;2401
2265;2506
2265;258
2265;258
2266;2583
2267;2502
2268;679
2269;2591
2270;2597
2271;1223
2272;2537
2272;2515
2272;2496
2272;451
2272;2715
2272;2503
2273;879
2274;1382
2275;2499
2275;2506
2276;2507
2277;2505
2278;2674
2278;2675
2278;2979
2278;2495
2278;831
2278;821
2278;298
2279;2505
2281;2496
2281;1223
2282;1382
2282;2506
2282;1382
2283;2508
2284;679
2285;679
2286;2594
2286;2559
2286;2774
2286;2636
2286;2899
2286;2515
2286;2496
2286;2401
2287;2506
2287;2503
2287;2741
2287;2515
2287;2496
2287;2539
2287;254
2287;2504
2288;258
2289;2545
2290;2536
2290;2607
2291;2574
2291;2504
2292;2843
2292;2958
2292;2616
2292;1223
2292;297
2293;2672
2294;913
2295;258
2295;1223
2296;2589
2297;2504
2298;104
2299;2542
2300;2504
2301;258
2301;125
2301;2505
2301;2008
2301;1382
2301;2494
2302;2536
2304;258
2305;2545
2306;2505
2307;931
2308;2503
2308;2584
2308;82
2310;931
2311;2852
2312;2505
2313;2504
2313;2505
2314;679
2315;1381
2315;2497
2315;25
2316;2504
2318;2505
2319;2813
2320;2508
2321;2506
2322;2504
2323;274
2323;2636
2323;1223
2323;82
2323;2504
2323;1381
2323;2559
2324;2505
2325;2946
2325;2574
2325;2507
2325;2952
2325;1554
2325;2758
2326;2502
2326;2583
2327;2505
2328;258
2329;215
2330;679
2331;2502
2332;2856
2333;2519
2333;252
2334;2545
2335;2789
2336;2745
2336;2497
2337;2519
2337;252
2338;2504
2339;2505
2341;1223
2341;2507
2342;2574
2342;258
2342;2545
2343;1223
2344;2537
2345;2505
2346;2796
2347;2505
2347;2501
2348;2505
2349;258
2350;1382
2352;1382
2353;2501
2354;2535
2354;2496
2354;2514
2355;931
2356;2946
2357;2505
2357;2504
2358;2505
2359;2056
2359;2524
2360;265
2361;2574
2361;2506
2362;2175
2362;2524
2362;2603
2362;1381
2362;2497
2362;25
2362;1381
2362;2559
2362;2519
2362;252
2362;258
2362;2838
2362;2603
2363;2541
2364;2572
2364;82
2365;2583
2366;2584
2367;2712
2368;2505
2369;2502
2370;2631
2371;2558
2372;316
2372;2514
2372;2599
2372;2552
2373;479
2374;2515
2374;2496
2374;259
2374;2811
2374;2501
2375;2522
2375;2523
2375;2524
2375;2525
2375;2526
2377;821
2377;2532
2377;548
2377;2533
2377;2534
2378;723
2379;2504
2380;2503
2380;2545
2381;2506
2383;931
2384;2544
2385;931
2386;2505
2387;2709
2388;2754
2388;2505
2389;258
2390;2505
2391;2548
2392;2503
2393;258
2394;2615
2394;2505
2394;2853
2394;2505
2394;1382
2394;1382
2394;1382
2394;259
2394;2811
2394;2517
2395;1143
2395;2575
2396;2505
2397;1381
2397;2559
2398;2628
2399;821
2399;2532
2399;548
2399;2533
2399;2534
2402;2513
2402;2505
2403;2504
2404;2504
2405;2522
2405;2523
2405;2524
2405;2525
2405;2526
2405;2502
2406;258
2407;2839
2408;2892
2409;1382
2410;2515
2410;2496
2410;2628
2411;2505
2412;2504
2412;2506
2413;601
2413;1195
2413;2641
2413;2642
2413;2643
2413;2501
2413;2644
2413;332
2415;2505
2416;2573
2417;258
2418;2505
2419;2056
2419;2524
2419;1075
2419;2794
2420;2614
2420;2638
2421;2505
2423;2502
2424;82
2425;2612
2426;2522
2426;2523
2426;2524
2426;2525
2426;2526
2427;2505
2429;2673
2430;2616
2430;82
2430;2548
2431;2505
2432;2515
2432;2496
2432;258
2433;2504
2434;2507
2436;2882
2437;1564
2438;2548
2438;215
2438;714
2438;601
2438;1195
2438;2641
2438;2642
2438;2643
2438;2501
2438;2644
2438;332
2439;2545
2440;2726
2440;2514
2440;2664
2441;2519
2441;252
2441;2505
2441;814
2441;729
2441;2514
2441;908
2441;1769
2441;1058
2441;1058
2441;559
2441;185
2441;1557
2441;82
2441;228
2441;2076
2441;125
2441;684
2441;2502
2441;684
2441;461
2441;2574
2441;2574
2441;2652
2441;2616
2441;1545
2441;2514
2441;2623
2441;2624
2441;2625
2441;2626
2441;2627
2441;2713
2441;2622
2441;1223
2441;2499
2441;2546
2441;2547
2441;2537
2441;2504
2441;2672
2441;2515
2441;2496
2441;1223
2441;1223
2441;2619
2441;262
2441;2621
2441;2622
2442;2545
2443;913
2444;258
2444;258
2445;2909
2446;2504
2447;258
2448;85
2448;2706
2449;2503
2450;1659
2451;2614
2451;2516
2451;2615
2451;2056
2451;2524
2451;2575
2451;2669
2451;2501
2451;2711
2452;2552
2453;2505
2454;1382
2455;2545
2456;2505
2457;2505
2458;2503
2458;2616
2458;2572
2458;1381
2458;2559
2458;2727
2458;2658
2458;2514
2458;2546
2458;2547
2458;2548
2458;1223
2458;1223
2458;2619
2458;262
2458;2621
2458;2622
2458;2545
2458;2537
2459;2545
2460;2503
2460;2503
2460;2515
2460;2496
2461;2541
2462;1075
2463;2522
2463;2523
2463;2524
2463;2525
2463;2526
2464;2708
2466;2175
2466;2524
2466;2603
2466;2169
2466;2505
2466;2513
2466;2508
2466;1689
2466;1545
2466;2514
2466;258
2466;2503
2466;1593
2466;2903
2466;2904
2466;2905
2467;2504
2468;2503
2469;2544
2470;2537
2471;268
2472;2506
2473;2573
2473;2522
2473;2523
2473;2524
2473;2525
2473;2526
2474;2589
2474;2497
2475;2542
2475;2581
2476;2505
2476;258
2477;2599
2478;2537
2479;931
2480;145
2481;2501
2482;2552
2483;2504
2484;2635
2484;679
2486;2502
2487;2546
2487;2547
2488;1223
2489;2505
2490;2501
2491;258
2492;2505
